Id,Neighborhood,HouseStyle,OverallCond,YearBuilt,RoofStyle,RoofMatl,Foundation,Heating,CentralAir,Electrical,Fireplaces,GarageArea,MoSold,YrSold
1461,NAmes,1Story,6,1961,Gable,CompShg,CBlock,GasA,Y,SBrkr,0,730,06,2010
1462,NAmes,1Story,6,1958,Hip,CompShg,CBlock,GasA,Y,SBrkr,0,312,06,2010
1463,Gilbert,2Story,5,1997,Gable,CompShg,PConc,GasA,Y,SBrkr,1,482,03,2010
1464,Gilbert,2Story,6,1998,Gable,CompShg,PConc,GasA,Y,SBrkr,1,470,06,2010
1465,StoneBr,1Story,5,1992,Gable,CompShg,PConc,GasA,Y,SBrkr,0,506,01,2010
1466,Gilbert,2Story,5,1993,Gable,CompShg,PConc,GasA,Y,SBrkr,1,440,04,2010
1467,Gilbert,1Story,7,1992,Gable,CompShg,PConc,GasA,Y,SBrkr,0,420,03,2010
1468,Gilbert,2Story,5,1998,Gable,CompShg,PConc,GasA,Y,SBrkr,1,393,05,2010
1469,Gilbert,1Story,5,1990,Gable,CompShg,PConc,GasA,Y,SBrkr,1,506,02,2010
1470,NAmes,1Story,5,1970,Gable,CompShg,CBlock,GasA,Y,SBrkr,0,525,04,2010
1471,NAmes,1Story,5,1999,Gable,CompShg,PConc,GasA,Y,SBrkr,1,511,06,2010
1472,BrDale,2Story,5,1971,Gable,CompShg,CBlock,GasA,Y,SBrkr,0,264,02,2010
1473,BrDale,2Story,5,1971,Gable,CompShg,CBlock,GasA,Y,SBrkr,0,320,03,2010
1474,NPkVill,2Story,6,1975,Gable,CompShg,CBlock,GasA,Y,SBrkr,1,440,06,2010
1475,NPkVill,1Story,6,1975,Gable,CompShg,CBlock,GasA,Y,SBrkr,0,308,06,2010
1476,NridgHt,2Story,5,2009,Gable,CompShg,PConc,GasA,Y,SBrkr,1,751,01,2010
1477,NridgHt,1Story,5,2009,Gable,CompShg,PConc,GasA,Y,SBrkr,0,868,06,2010
1478,NridgHt,1Story,5,2005,Hip,CompShg,PConc,GasA,Y,SBrkr,1,730,06,2010
1479,NridgHt,1Story,5,2005,Hip,CompShg,PConc,GasA,Y,SBrkr,1,678,02,2010
1480,NridgHt,1Story,5,2003,Hip,CompShg,PConc,GasA,Y,SBrkr,2,958,06,2010
1481,NridgHt,2Story,5,2002,Gable,CompShg,PConc,GasA,Y,SBrkr,1,756,06,2010
1482,NridgHt,1Story,5,2006,Gable,CompShg,PConc,GasA,Y,SBrkr,1,484,04,2010
1483,Gilbert,1Story,5,2005,Gable,CompShg,PConc,GasA,Y,SBrkr,0,430,01,2010
1484,Blmngtn,1Story,5,2006,Gable,CompShg,PConc,GasA,Y,SBrkr,0,437,01,2010
1485,Gilbert,SLvl,5,2004,Gable,CompShg,PConc,GasA,Y,SBrkr,1,400,06,2010
1486,Gilbert,2Story,5,2004,Gable,CompShg,PConc,GasA,Y,SBrkr,1,433,04,2010
1487,NoRidge,2Story,5,1998,Hip,CompShg,PConc,GasA,Y,SBrkr,1,962,01,2010
1488,Somerst,1Story,5,2005,Gable,CompShg,PConc,GasA,Y,SBrkr,1,880,05,2010
1489,Somerst,1Story,5,2009,Hip,CompShg,PConc,GasA,Y,SBrkr,0,676,04,2010
1490,Somerst,1Story,5,2005,Gable,CompShg,PConc,GasA,Y,SBrkr,1,528,05,2010
1491,SawyerW,2Story,5,2004,Gable,CompShg,PConc,GasA,Y,SBrkr,0,484,04,2010
1492,SawyerW,1Story,5,1920,Gable,CompShg,BrkTil,GasA,N,FuseA,0,429,04,2010
1493,Sawyer,1Story,6,1974,Hip,CompShg,CBlock,GasA,Y,SBrkr,2,461,04,2010
1494,NoRidge,2Story,5,1993,Gable,CompShg,PConc,GasA,Y,SBrkr,1,762,06,2010
1495,NoRidge,2Story,5,1992,Gable,CompShg,PConc,GasA,Y,SBrkr,1,713,06,2010
1496,Somerst,1Story,5,2004,Gable,CompShg,PConc,GasA,Y,SBrkr,1,506,03,2010
1497,Somerst,2Story,5,2004,Gable,CompShg,PConc,GasA,Y,SBrkr,0,588,01,2010
1498,Somerst,2Story,5,2004,Gable,CompShg,PConc,GasA,Y,SBrkr,0,480,04,2010
1499,Somerst,2Story,5,2004,Gable,CompShg,PConc,GasA,Y,SBrkr,0,480,02,2010
1500,Somerst,2Story,5,2005,Gable,CompShg,PConc,GasA,Y,SBrkr,0,480,05,2010
1501,Somerst,2Story,5,2000,Gable,CompShg,PConc,GasA,Y,SBrkr,0,440,05,2010
1502,Somerst,2Story,5,2003,Gable,CompShg,PConc,GasA,Y,SBrkr,0,496,06,2010
1503,Somerst,1Story,5,2010,Gable,CompShg,PConc,GasA,Y,SBrkr,1,852,04,2010
1504,Somerst,2Story,5,2000,Gable,CompShg,PConc,GasA,Y,SBrkr,1,592,04,2010
1505,Somerst,1Story,5,2002,Gable,CompShg,PConc,GasA,Y,SBrkr,1,596,04,2010
1506,NWAmes,1Story,6,1967,Hip,CompShg,CBlock,GasA,Y,SBrkr,0,535,05,2010
1507,NWAmes,2Story,5,1993,Gable,CompShg,PConc,GasA,Y,SBrkr,1,660,03,2010
1508,NWAmes,1.5Fin,5,1978,Gable,CompShg,PConc,GasA,Y,SBrkr,1,678,04,2010
1509,NWAmes,2Story,6,1971,Gable,CompShg,CBlock,GasA,Y,SBrkr,0,441,06,2010
1510,NAmes,1Story,5,1966,Hip,CompShg,CBlock,GasA,Y,SBrkr,0,490,04,2010
1511,NAmes,1Story,5,1966,Hip,CompShg,PConc,GasA,Y,SBrkr,0,504,04,2010
1512,NAmes,1Story,6,1967,Gable,CompShg,CBlock,GasA,Y,SBrkr,0,517,04,2010
1513,NAmes,SLvl,5,1964,Gable,CompShg,CBlock,GasA,Y,SBrkr,0,480,05,2010
1514,NAmes,1Story,6,1962,Hip,CompShg,CBlock,GasA,Y,SBrkr,0,0,01,2010
1515,NAmes,1.5Fin,7,1952,Gable,CompShg,CBlock,GasA,Y,SBrkr,2,400,03,2010
1516,NAmes,1.5Fin,6,1949,Gable,CompShg,CBlock,GasA,Y,SBrkr,1,470,01,2010
1517,NAmes,SFoyer,8,1966,Gable,CompShg,CBlock,GasA,Y,SBrkr,1,315,01,2010
1518,NAmes,1Story,5,1958,Gable,CompShg,CBlock,GasA,Y,SBrkr,0,576,03,2010
1519,NAmes,1Story,5,2003,Gable,CompShg,PConc,GasA,Y,SBrkr,0,620,02,2010
1520,NAmes,1Story,5,1959,Hip,CompShg,CBlock,GasA,Y,SBrkr,0,308,05,2010
1521,NAmes,1Story,5,1959,Hip,CompShg,CBlock,GasA,Y,SBrkr,0,312,05,2010
1522,NAmes,1Story,5,1959,Gable,CompShg,CBlock,GasA,Y,SBrkr,2,440,06,2010
1523,NAmes,1.5Fin,5,1956,Gable,CompShg,CBlock,GasA,Y,FuseA,0,263,02,2010
1524,NAmes,1Story,7,1952,Gable,CompShg,CBlock,GasA,Y,SBrkr,0,318,05,2010
1525,NAmes,1Story,6,1955,Gable,CompShg,CBlock,GasA,Y,SBrkr,0,305,06,2010
1526,NAmes,1Story,5,1958,Gable,CompShg,CBlock,GasA,Y,SBrkr,0,264,04,2010
1527,NAmes,1Story,7,1920,Gable,CompShg,BrkTil,GasA,Y,SBrkr,0,676,04,2010
1528,NAmes,1.5Fin,8,1948,Gable,CompShg,CBlock,GasA,Y,SBrkr,0,280,05,2010
1529,NAmes,1Story,6,1960,Gable,CompShg,CBlock,GasA,Y,SBrkr,0,484,06,2010
1530,NAmes,1Story,7,1963,Hip,CompShg,CBlock,GasA,Y,SBrkr,1,440,05,2010
1531,OldTown,1.5Fin,5,1900,Hip,CompShg,PConc,GasA,Y,SBrkr,2,240,01,2010
1532,OldTown,1Story,7,1920,Gable,CompShg,PConc,GasA,Y,SBrkr,1,0,05,2010
1533,OldTown,1Story,7,1957,Hip,CompShg,CBlock,GasA,Y,SBrkr,0,551,06,2010
1534,OldTown,1.5Fin,7,1938,Gable,CompShg,PConc,GasA,Y,SBrkr,0,240,01,2010
1535,OldTown,1.5Fin,7,1948,Gable,CompShg,BrkTil,GasA,Y,SBrkr,1,240,06,2010
1536,OldTown,1.5Fin,6,1920,Gable,CompShg,BrkTil,GasA,Y,SBrkr,0,315,03,2010
1537,OldTown,1Story,2,1923,Gable,CompShg,BrkTil,GasA,N,SBrkr,1,780,06,2010
1538,OldTown,2Story,9,1900,Gable,CompShg,BrkTil,GasW,N,SBrkr,0,288,04,2010
1539,OldTown,2Story,9,1890,Gable,CompShg,Stone,GasA,Y,SBrkr,0,624,04,2010
1540,OldTown,2Story,3,1910,Gable,CompShg,BrkTil,Grav,N,FuseF,0,0,06,2010
1541,OldTown,2Story,7,1922,Gable,CompShg,CBlock,GasA,Y,SBrkr,0,624,06,2010
1542,BrkSide,1.5Fin,6,1950,Gable,CompShg,CBlock,GasA,Y,SBrkr,0,363,03,2010
1543,BrkSide,2.5Unf,7,1922,Gable,CompShg,BrkTil,GasA,N,FuseA,1,315,05,2010
1544,BrkSide,1Story,7,1925,Gable,CompShg,BrkTil,GasA,N,FuseF,0,200,04,2010
1545,BrkSide,1.5Fin,7,1939,Gable,CompShg,BrkTil,GasA,Y,SBrkr,0,240,04,2010
1546,BrkSide,1.5Fin,6,1940,Gable,CompShg,CBlock,GasA,Y,FuseA,2,576,03,2010
1547,BrkSide,1.5Fin,6,1942,Gable,CompShg,CBlock,GasA,Y,FuseA,2,240,03,2010
1548,BrkSide,1.5Fin,7,1948,Gable,CompShg,CBlock,GasA,Y,SBrkr,0,312,03,2010
1549,BrkSide,1.5Fin,7,1936,Gable,CompShg,CBlock,GasA,Y,SBrkr,0,624,05,2010
1550,BrkSide,1.5Fin,5,1930,Gable,CompShg,BrkTil,GasA,Y,FuseF,1,480,03,2010
1551,OldTown,1Story,5,1923,Gable,CompShg,BrkTil,GasA,Y,SBrkr,1,288,03,2010
1552,OldTown,1.5Fin,5,1915,Gable,CompShg,CBlock,GasA,Y,SBrkr,1,572,06,2010
1553,OldTown,2Story,8,1912,Gable,CompShg,PConc,GasA,Y,SBrkr,0,0,05,2010
1554,OldTown,2Story,8,1920,Gable,CompShg,BrkTil,GasA,Y,SBrkr,0,180,02,2010
1555,ClearCr,1Story,5,1959,Gable,CompShg,CBlock,GasA,Y,SBrkr,2,365,05,2010
1556,ClearCr,1.5Fin,3,1917,Gable,CompShg,BrkTil,GasA,N,SBrkr,0,180,01,2010
1557,SWISU,1.5Fin,4,1915,Gable,CompShg,BrkTil,GasA,N,SBrkr,0,0,02,2010
1558,SWISU,1.5Fin,5,1940,Gable,CompShg,CBlock,GasA,N,SBrkr,0,231,03,2010
1559,SWISU,2Story,1,1907,Gambrel,CompShg,CBlock,GasW,N,SBrkr,0,0,03,2010
1560,SWISU,1.5Fin,7,1910,Gable,CompShg,BrkTil,GasA,Y,SBrkr,1,450,06,2010
1561,Sawyer,1Story,3,1967,Gable,Tar&Grv,CBlock,GasA,N,SBrkr,0,0,05,2010
1562,Sawyer,1Story,7,1966,Hip,CompShg,CBlock,GasA,Y,SBrkr,0,416,06,2010
1563,Sawyer,1Story,5,1968,Hip,CompShg,CBlock,GasA,Y,SBrkr,0,280,05,2010
1564,Sawyer,SFoyer,5,1978,Gable,CompShg,CBlock,GasA,Y,SBrkr,2,591,05,2010
1565,Sawyer,2Story,5,1968,Gable,CompShg,CBlock,GasA,Y,SBrkr,2,480,03,2010
1566,ClearCr,1Story,7,1977,Hip,CompShg,CBlock,GasA,Y,SBrkr,2,690,04,2010
1567,Sawyer,1Story,4,1927,Gable,CompShg,BrkTil,GasA,N,SBrkr,0,440,06,2010
1568,ClearCr,2Story,5,1978,Gable,CompShg,PConc,GasA,Y,SBrkr,1,522,05,2010
1569,Edwards,1.5Fin,4,1938,Gable,CompShg,CBlock,GasA,Y,FuseA,1,480,06,2010
1570,Edwards,1Story,7,1950,Gable,CompShg,CBlock,GasA,Y,SBrkr,1,467,06,2010
1571,Edwards,1.5Fin,6,1947,Gable,CompShg,CBlock,GasA,Y,SBrkr,1,209,06,2010
1572,Edwards,1Story,7,1954,Gable,CompShg,CBlock,GasA,Y,SBrkr,0,366,06,2010
1573,Edwards,1Story,5,2009,Gable,CompShg,PConc,GasA,Y,SBrkr,2,572,01,2010
1574,Edwards,1Story,3,1964,Gable,CompShg,CBlock,GasA,Y,SBrkr,0,504,06,2010
1575,SawyerW,1Story,5,1987,Gable,CompShg,CBlock,GasA,Y,SBrkr,2,528,06,2010
1576,SawyerW,2Story,7,1993,Gable,CompShg,PConc,GasA,Y,SBrkr,1,1017,05,2010
1577,CollgCr,1Story,5,2010,Gable,CompShg,PConc,GasA,Y,SBrkr,0,615,03,2010
1578,SawyerW,1.5Fin,8,1900,Gable,CompShg,PConc,GasA,Y,SBrkr,0,484,03,2010
1579,CollgCr,SFoyer,5,1996,Gable,CompShg,PConc,GasA,Y,SBrkr,0,580,07,2010
1580,CollgCr,2Story,5,1997,Gable,CompShg,PConc,GasA,Y,SBrkr,1,513,04,2010
1581,CollgCr,1Story,8,1977,Gable,CompShg,CBlock,GasA,Y,SBrkr,0,308,06,2010
1582,CollgCr,1Story,6,1972,Gable,CompShg,CBlock,GasA,Y,SBrkr,0,484,06,2010
1583,CollgCr,1Story,5,2003,Hip,CompShg,PConc,GasA,Y,SBrkr,1,850,05,2010
1584,CollgCr,2Story,5,1997,Gable,CompShg,PConc,GasA,Y,SBrkr,1,621,04,2010
1585,CollgCr,1Story,5,2003,Gable,CompShg,PConc,GasA,Y,SBrkr,0,420,04,2010
1586,Edwards,1Story,6,1945,Gable,CompShg,CBlock,GasA,N,SBrkr,0,240,04,2010
1587,Edwards,1Story,6,1954,Gable,CompShg,CBlock,GasA,Y,SBrkr,0,319,01,2010
1588,Edwards,1Story,6,1968,Gable,CompShg,CBlock,GasA,Y,SBrkr,0,336,06,2010
1589,Edwards,1.5Fin,5,1948,Gable,CompShg,CBlock,GasA,N,FuseF,0,480,06,2010
1590,Edwards,SLvl,6,1975,Gable,CompShg,CBlock,GasA,Y,SBrkr,1,352,06,2010
1591,Edwards,1Story,5,1958,Hip,CompShg,CBlock,GasA,Y,SBrkr,0,0,05,2010
1592,SWISU,1Story,6,1924,Gable,CompShg,BrkTil,GasA,N,FuseA,1,260,05,2010
1593,SWISU,1Story,6,1939,Gable,CompShg,CBlock,GasA,Y,SBrkr,1,399,03,2010
1594,SWISU,2Story,6,1967,Flat,Tar&Grv,Slab,GasA,Y,SBrkr,0,0,02,2010
1595,SWISU,1.5Fin,2,1931,Gable,CompShg,PConc,GasA,Y,SBrkr,1,0,05,2010
1596,Crawfor,1.5Fin,6,1941,Gable,CompShg,BrkTil,GasA,Y,SBrkr,2,312,07,2010
1597,Crawfor,2Story,6,1950,Gable,CompShg,CBlock,GasA,Y,SBrkr,0,484,03,2010
1598,Crawfor,SLvl,6,1994,Gable,CompShg,PConc,GasA,Y,SBrkr,0,473,06,2010
1599,Blueste,1Story,6,1989,Gable,CompShg,CBlock,GasA,Y,SBrkr,1,598,04,2010
1600,Blueste,1Story,5,1989,Gable,CompShg,CBlock,GasA,Y,SBrkr,1,531,03,2010
1601,IDOTRR,1Story,5,1941,Gable,CompShg,BrkTil,GasA,Y,SBrkr,0,200,04,2010
1602,IDOTRR,1.5Fin,5,1921,Gable,CompShg,BrkTil,GasA,Y,SBrkr,0,625,04,2010
1603,IDOTRR,1Story,7,1896,Hip,CompShg,CBlock,GasA,Y,SBrkr,0,330,06,2010
1604,Crawfor,1Story,5,2004,Hip,CompShg,PConc,GasA,Y,SBrkr,1,525,05,2010
1605,Mitchel,2Story,5,1998,Gable,CompShg,PConc,GasA,Y,SBrkr,1,741,05,2010
1606,Mitchel,SLvl,7,1977,Gable,CompShg,CBlock,GasA,Y,SBrkr,1,473,05,2010
1607,Mitchel,1Story,5,1976,Gable,CompShg,CBlock,GasA,Y,SBrkr,0,776,03,2010
1608,Timber,1Story,5,2008,Gable,CompShg,PConc,GasA,Y,SBrkr,1,660,05,2010
1609,Timber,1Story,5,2009,Gable,CompShg,PConc,GasA,Y,SBrkr,0,520,01,2010
1610,Timber,2Story,5,2006,Gable,CompShg,PConc,GasA,Y,SBrkr,0,400,04,2010
1611,Mitchel,1Story,5,1965,Hip,CompShg,CBlock,GasA,Y,SBrkr,1,528,06,2010
1612,Mitchel,1Story,5,2004,Gable,CompShg,PConc,GasA,Y,SBrkr,0,624,03,2010
1613,Mitchel,1Story,5,1999,Gable,CompShg,PConc,GasA,Y,SBrkr,1,686,06,2010
1614,MeadowV,1Story,6,1973,Gable,CompShg,CBlock,GasA,Y,SBrkr,1,253,05,2010
1615,MeadowV,2Story,7,1970,Gable,CompShg,CBlock,GasA,Y,SBrkr,0,0,03,2010
1616,MeadowV,2Story,4,1970,Gable,CompShg,CBlock,GasA,Y,SBrkr,0,0,06,2010
1617,MeadowV,2Story,6,1972,Gable,CompShg,CBlock,GasA,Y,SBrkr,0,286,06,2010
1618,Mitchel,1Story,7,1971,Gable,CompShg,CBlock,GasA,Y,SBrkr,0,352,06,2010
1619,Mitchel,1Story,7,1984,Gable,CompShg,CBlock,GasA,Y,SBrkr,0,495,04,2010
1620,Mitchel,2Story,2,1985,Gable,CompShg,PConc,GasA,Y,SBrkr,0,616,02,2010
1621,Mitchel,2Story,5,1991,Gable,CompShg,PConc,GasA,Y,SBrkr,0,576,03,2010
1622,Mitchel,1.5Fin,5,1969,Gable,CompShg,CBlock,GasA,Y,SBrkr,0,275,04,2010
1623,Mitchel,1Story,5,1994,Hip,CompShg,PConc,GasA,Y,SBrkr,2,482,02,2010
1624,Mitchel,2Story,5,1993,Gable,CompShg,PConc,GasA,Y,SBrkr,1,616,03,2010
1625,NAmes,1Story,5,1956,Gable,CompShg,CBlock,GasA,Y,SBrkr,0,502,10,2009
1626,NAmes,1Story,5,1974,Hip,CompShg,CBlock,GasA,Y,SBrkr,1,528,06,2009
1627,Gilbert,2Story,5,1997,Gable,CompShg,PConc,GasA,Y,SBrkr,1,470,07,2009
1628,Gilbert,2Story,5,2003,Gable,CompShg,PConc,GasA,Y,SBrkr,1,632,08,2009
1629,Gilbert,SLvl,5,1996,Gable,CompShg,PConc,GasA,Y,SBrkr,1,390,06,2009
1630,StoneBr,1Story,5,2004,Gable,CompShg,PConc,GasA,Y,SBrkr,1,564,11,2009
1631,StoneBr,1Story,5,1998,Gable,CompShg,PConc,GasA,Y,SBrkr,0,495,07,2009
1632,StoneBr,1Story,5,1995,Gable,CompShg,PConc,GasA,Y,SBrkr,0,528,9,2009
1633,Gilbert,SLvl,5,1998,Gable,CompShg,PConc,GasA,Y,SBrkr,1,396,02,2009
1634,Gilbert,2Story,5,1998,Gable,CompShg,PConc,GasA,Y,SBrkr,1,440,10,2009
1635,Gilbert,2Story,5,1994,Gable,CompShg,PConc,GasA,Y,SBrkr,1,409,07,2009
1636,Gilbert,1Story,5,1993,Gable,CompShg,PConc,GasA,Y,SBrkr,1,430,11,2009
1637,Gilbert,2Story,6,1977,Gable,CompShg,PConc,GasA,Y,SBrkr,1,567,07,2009
1638,NWAmes,2Story,6,1978,Gable,CompShg,CBlock,GasA,Y,SBrkr,1,529,05,2009
1639,NWAmes,1Story,6,1978,Gable,CompShg,PConc,GasA,Y,SBrkr,1,484,08,2009
1640,NWAmes,2Story,7,1980,Gable,CompShg,CBlock,GasA,Y,SBrkr,1,441,08,2009
1641,NWAmes,1Story,5,1978,Gable,CompShg,PConc,GasA,Y,SBrkr,1,479,05,2009
1642,Somerst,2Story,5,2003,Gable,CompShg,PConc,GasA,Y,SBrkr,1,581,06,2009
1643,Somerst,2Story,5,2000,Gable,CompShg,PConc,GasA,Y,SBrkr,1,588,03,2009
1644,Somerst,2Story,5,2002,Gable,CompShg,PConc,GasA,Y,SBrkr,1,565,10,2009
1645,NWAmes,1Story,7,1975,Gable,CompShg,CBlock,GasA,Y,SBrkr,2,478,06,2009
1646,NWAmes,1Story,6,1974,Hip,CompShg,CBlock,GasA,Y,SBrkr,1,528,04,2009
1647,NWAmes,1Story,5,1975,Gable,CompShg,CBlock,GasA,Y,SBrkr,1,506,08,2009
1648,NAmes,1Story,5,1970,Gable,CompShg,CBlock,GasA,Y,SBrkr,0,477,03,2009
1649,NAmes,1Story,7,1971,Gable,CompShg,CBlock,GasA,Y,SBrkr,0,336,07,2009
1650,NAmes,1Story,6,1970,Gable,CompShg,CBlock,GasA,Y,SBrkr,0,576,9,2009
1651,NAmes,1Story,7,1971,Gable,CompShg,CBlock,GasA,Y,SBrkr,0,576,07,2009
1652,BrDale,2Story,5,1973,Gable,CompShg,CBlock,GasA,Y,SBrkr,0,264,07,2009
1653,BrDale,2Story,6,1972,Gable,CompShg,CBlock,GasA,Y,SBrkr,0,288,07,2009
1654,NPkVill,2Story,5,1976,Gable,CompShg,CBlock,GasA,Y,SBrkr,1,440,9,2009
1655,NPkVill,1Story,5,1975,Gable,CompShg,CBlock,GasA,Y,SBrkr,1,440,08,2009
1656,NPkVill,2Story,5,1977,Gable,CompShg,CBlock,GasA,Y,SBrkr,1,440,05,2009
1657,NPkVill,2Story,5,1978,Gable,CompShg,CBlock,GasA,Y,SBrkr,1,440,07,2009
1658,NPkVill,2Story,5,1978,Gable,CompShg,CBlock,GasA,Y,SBrkr,1,440,04,2009
1659,NPkVill,1Story,6,1976,Gable,CompShg,CBlock,GasA,Y,SBrkr,0,345,10,2009
1660,NAmes,1Story,7,1966,Hip,CompShg,PConc,GasA,Y,SBrkr,1,656,07,2009
1661,NridgHt,2Story,5,2007,Hip,CompShg,PConc,GasA,Y,SBrkr,3,754,06,2009
1662,NridgHt,2Story,5,2009,Gable,CompShg,PConc,GasA,Y,SBrkr,1,864,07,2009
1663,NridgHt,1Story,5,2008,Hip,CompShg,PConc,GasA,Y,SBrkr,1,896,05,2009
1664,NridgHt,1Story,5,2007,Hip,CompShg,PConc,GasA,Y,SBrkr,2,762,03,2009
1665,NridgHt,1Story,5,2008,Gable,CompShg,PConc,GasA,Y,SBrkr,1,834,07,2009
1666,NridgHt,1Story,5,2004,Hip,CompShg,PConc,GasA,Y,SBrkr,2,932,04,2009
1667,NridgHt,2Story,5,2007,Gable,CompShg,PConc,GasA,Y,SBrkr,1,640,06,2009
1668,NridgHt,1Story,5,2008,Hip,CompShg,PConc,GasA,Y,SBrkr,1,927,06,2009
1669,NridgHt,1Story,5,2006,Gable,CompShg,PConc,GasA,Y,SBrkr,1,700,02,2009
1670,NridgHt,1Story,5,2008,Hip,CompShg,PConc,GasA,Y,SBrkr,1,850,03,2009
1671,NridgHt,1Story,5,2003,Hip,CompShg,PConc,GasA,Y,SBrkr,1,583,06,2009
1672,NridgHt,1Story,5,2003,Hip,CompShg,PConc,GasA,Y,SBrkr,1,886,07,2009
1673,NridgHt,2Story,5,2003,Gable,CompShg,PConc,GasA,Y,SBrkr,1,730,06,2009
1674,NridgHt,1Story,5,2006,Gable,CompShg,PConc,GasA,Y,SBrkr,1,871,07,2009
1675,NridgHt,1Story,5,2005,Gable,CompShg,PConc,GasA,Y,SBrkr,1,484,08,2009
1676,NridgHt,1Story,5,2005,Gable,CompShg,PConc,GasA,Y,SBrkr,1,624,03,2009
1677,NridgHt,1Story,5,2007,Gable,CompShg,PConc,GasA,Y,SBrkr,1,484,05,2009
1678,NridgHt,1Story,5,2004,Hip,CompShg,PConc,GasA,Y,SBrkr,1,949,02,2009
1679,NridgHt,1Story,5,2003,Hip,CompShg,PConc,GasA,Y,SBrkr,1,685,07,2009
1680,NridgHt,1Story,5,2008,Hip,CompShg,PConc,GasA,Y,SBrkr,1,649,05,2009
1681,NridgHt,1Story,5,2008,Hip,CompShg,PConc,GasA,Y,SBrkr,1,539,04,2009
1682,NridgHt,1Story,5,2002,Hip,CompShg,PConc,GasA,Y,SBrkr,1,701,9,2009
1683,NridgHt,1Story,5,2003,Gable,CompShg,PConc,GasA,Y,SBrkr,1,478,11,2009
1684,Gilbert,2Story,5,2005,Gable,CompShg,PConc,GasA,Y,SBrkr,1,390,06,2009
1685,Gilbert,2Story,5,2005,Gable,CompShg,PConc,GasA,Y,SBrkr,1,392,07,2009
1686,Blmngtn,1Story,5,2005,Gable,CompShg,PConc,GasA,Y,SBrkr,1,397,08,2009
1687,Gilbert,SLvl,5,2004,Gable,CompShg,PConc,GasA,Y,SBrkr,1,400,08,2009
1688,Gilbert,2Story,5,2004,Gable,CompShg,PConc,GasA,Y,SBrkr,1,436,9,2009
1689,Gilbert,2Story,5,2004,Gable,CompShg,PConc,GasA,Y,SBrkr,1,434,07,2009
1690,Gilbert,2Story,5,2003,Gable,CompShg,PConc,GasA,Y,SBrkr,1,400,06,2009
1691,Gilbert,2Story,5,2003,Gable,CompShg,PConc,GasA,Y,SBrkr,1,393,05,2009
1692,Gilbert,2Story,5,2002,Gable,CompShg,PConc,GasA,Y,SBrkr,1,644,07,2009
1693,Gilbert,SLvl,5,2004,Gable,CompShg,PConc,GasA,Y,SBrkr,0,400,05,2009
1694,Gilbert,2Story,5,2000,Gable,CompShg,PConc,GasA,Y,SBrkr,1,394,06,2009
1695,Gilbert,SLvl,5,1999,Gable,CompShg,PConc,GasA,Y,SBrkr,1,400,03,2009
1696,Gilbert,2Story,5,1999,Gable,CompShg,PConc,GasA,Y,SBrkr,1,658,05,2009
1697,Gilbert,SLvl,6,1999,Gable,CompShg,PConc,GasA,Y,SBrkr,1,410,06,2009
1698,NoRidge,2Story,5,2000,Gable,CompShg,PConc,GasA,Y,SBrkr,2,810,9,2009
1699,NoRidge,1Story,5,1994,Hip,CompShg,PConc,GasA,Y,SBrkr,2,815,06,2009
1700,NoRidge,2Story,5,1995,Gable,CompShg,PConc,GasA,Y,SBrkr,1,647,11,2009
1701,NoRidge,2Story,5,1993,Gable,CompShg,PConc,GasA,Y,SBrkr,1,623,10,2009
1702,Somerst,1Story,5,2008,Gable,CompShg,PConc,GasA,Y,SBrkr,0,972,9,2009
1703,Somerst,1Story,5,2008,Gable,CompShg,PConc,GasA,Y,SBrkr,1,726,9,2009
1704,Somerst,1Story,5,2007,Gable,CompShg,PConc,GasA,Y,SBrkr,1,844,03,2009
1705,Somerst,1Story,5,2006,Hip,CompShg,PConc,GasA,Y,SBrkr,1,492,9,2009
1706,Somerst,1Story,5,2005,Hip,CompShg,PConc,GasA,Y,SBrkr,2,795,10,2009
1707,Somerst,1Story,5,2008,Gable,CompShg,PConc,GasA,Y,SBrkr,0,529,10,2009
1708,Somerst,1Story,5,2008,Hip,CompShg,PConc,GasA,Y,SBrkr,0,625,05,2009
1709,Somerst,1Story,5,2007,Gable,CompShg,PConc,GasA,Y,SBrkr,1,984,05,2009
1710,Somerst,1Story,5,2006,Gable,CompShg,PConc,GasA,Y,SBrkr,1,692,06,2009
1711,Somerst,2Story,5,2006,Hip,CompShg,PConc,GasA,Y,SBrkr,1,782,07,2009
1712,Somerst,1Story,5,2008,Hip,CompShg,PConc,GasA,Y,SBrkr,1,517,10,2009
1713,Somerst,1Story,5,2006,Gable,CompShg,PConc,GasA,Y,SBrkr,1,711,03,2009
1714,Somerst,1Story,5,2003,Gable,CompShg,PConc,GasA,Y,SBrkr,0,588,08,2009
1715,Somerst,2Story,5,2003,Gable,CompShg,PConc,GasA,Y,SBrkr,0,628,03,2009
1716,SawyerW,1Story,6,2007,Gable,CompShg,PConc,GasA,Y,SBrkr,0,576,04,2009
1717,SawyerW,1Story,5,2006,Gable,CompShg,PConc,GasA,Y,SBrkr,0,484,06,2009
1718,SawyerW,1Story,5,2004,Gable,CompShg,PConc,GasA,Y,SBrkr,0,0,08,2009
1719,SawyerW,2Story,5,2004,Gable,CompShg,PConc,GasA,Y,SBrkr,0,478,01,2009
1720,SawyerW,1Story,5,2004,Gable,Tar&Grv,PConc,GasA,Y,SBrkr,0,845,01,2009
1721,SawyerW,1Story,5,2004,Gable,CompShg,PConc,GasA,Y,SBrkr,0,576,05,2009
1722,SawyerW,1Story,5,2004,Gable,CompShg,PConc,GasA,Y,SBrkr,0,0,08,2009
1723,SawyerW,1Story,5,2003,Gable,CompShg,PConc,GasA,Y,SBrkr,0,576,06,2009
1724,SawyerW,1Story,5,2008,Gable,CompShg,PConc,GasA,Y,SBrkr,0,788,02,2009
1725,SawyerW,2Story,5,1996,Gable,CompShg,PConc,GasA,Y,SBrkr,1,559,04,2009
1726,SawyerW,2Story,6,1992,Gable,CompShg,PConc,GasA,Y,SBrkr,0,528,11,2009
1727,SawyerW,1Story,5,1990,Gable,CompShg,PConc,GasA,Y,SBrkr,0,542,02,2009
1728,SawyerW,2Story,5,1994,Gable,CompShg,PConc,GasA,Y,SBrkr,0,495,10,2009
1729,SawyerW,2Story,7,1986,Gable,CompShg,CBlock,GasA,Y,SBrkr,0,465,07,2009
1730,SawyerW,2Story,7,1981,Gable,CompShg,Slab,GasA,Y,SBrkr,2,612,05,2009
1731,Sawyer,1Story,5,1962,Hip,CompShg,CBlock,GasA,Y,SBrkr,0,400,11,2009
1732,Sawyer,1Story,6,1961,Gable,CompShg,CBlock,GasA,Y,SBrkr,0,732,06,2009
1733,Sawyer,1Story,5,1961,Gable,CompShg,CBlock,GasA,Y,SBrkr,0,440,07,2009
1734,Sawyer,1Story,5,1965,Gable,CompShg,CBlock,GasA,Y,SBrkr,0,288,05,2009
1735,Sawyer,1Story,8,1963,Gable,CompShg,CBlock,GasA,Y,SBrkr,0,300,10,2009
1736,Sawyer,1Story,6,1962,Gable,CompShg,CBlock,GasA,Y,SBrkr,0,252,10,2009
1737,Veenker,1Story,8,1980,Gable,CompShg,CBlock,GasA,Y,SBrkr,2,864,04,2009
1738,NoRidge,2Story,8,1991,Gable,CompShg,PConc,GasA,Y,SBrkr,1,524,07,2009
1739,Somerst,2Story,5,2004,Gable,CompShg,PConc,GasA,Y,SBrkr,1,704,07,2009
1740,Somerst,1Story,5,2008,Gable,CompShg,PConc,GasA,Y,SBrkr,1,561,01,2009
1741,Somerst,1Story,5,2008,Gable,CompShg,PConc,GasA,Y,SBrkr,1,641,03,2009
1742,Somerst,2Story,5,2000,Gable,CompShg,PConc,GasA,Y,SBrkr,0,440,08,2009
1743,Somerst,2Story,5,1999,Hip,CompShg,PConc,GasA,Y,SBrkr,0,506,9,2009
1744,Veenker,1Story,9,1977,Gable,CompShg,CBlock,GasA,Y,SBrkr,1,642,06,2009
1745,Veenker,1Story,5,1981,Gable,CompShg,CBlock,GasA,Y,SBrkr,0,540,06,2009
1746,Veenker,SLvl,5,1976,Gable,CompShg,CBlock,GasA,Y,SBrkr,1,527,01,2009
1747,NWAmes,2Story,6,1974,Gable,CompShg,CBlock,GasA,Y,SBrkr,2,784,06,2009
1748,NWAmes,2Story,7,1967,Gable,CompShg,PConc,GasA,Y,SBrkr,1,515,05,2009
1749,NWAmes,1Story,5,1969,Gable,CompShg,CBlock,GasA,Y,SBrkr,1,502,08,2009
1750,NWAmes,1Story,5,1969,Gable,CompShg,CBlock,GasA,Y,SBrkr,0,336,08,2009
1751,NWAmes,2Story,7,1977,Hip,CompShg,PConc,GasA,Y,SBrkr,2,520,11,2009
1752,NAmes,1Story,6,1967,Gable,CompShg,PConc,GasA,Y,SBrkr,0,312,06,2009
1753,NAmes,1Story,5,1967,Hip,CompShg,CBlock,GasA,Y,SBrkr,0,440,03,2009
1754,NWAmes,2Story,5,1974,Gable,CompShg,CBlock,GasA,Y,SBrkr,1,498,05,2009
1755,NWAmes,SFoyer,5,1971,Hip,CompShg,CBlock,GasA,Y,SBrkr,1,495,05,2009
1756,NAmes,1Story,7,1960,Gable,CompShg,CBlock,GasA,Y,SBrkr,1,396,08,2009
1757,NAmes,1Story,7,1959,Hip,CompShg,CBlock,GasA,Y,SBrkr,0,308,9,2009
1758,NAmes,1Story,5,1957,Gable,CompShg,CBlock,GasA,Y,SBrkr,1,768,05,2009
1759,NAmes,1Story,6,1956,Gable,CompShg,CBlock,GasA,Y,SBrkr,1,576,07,2009
1760,NAmes,1Story,6,1961,Gable,CompShg,CBlock,GasA,Y,SBrkr,1,610,02,2009
1761,NAmes,1Story,5,1964,Gable,CompShg,CBlock,GasA,Y,SBrkr,2,520,07,2009
1762,NAmes,2Story,6,1965,Gable,CompShg,CBlock,GasA,Y,SBrkr,1,549,06,2009
1763,NAmes,SLvl,6,1961,Hip,CompShg,CBlock,GasA,Y,SBrkr,1,368,9,2009
1764,NAmes,1Story,5,1955,Gable,CompShg,CBlock,GasA,Y,SBrkr,0,330,02,2009
1765,NAmes,1Story,5,1967,Gable,CompShg,CBlock,GasA,Y,SBrkr,0,550,04,2009
1766,NAmes,1Story,6,1961,Hip,CompShg,CBlock,GasA,Y,SBrkr,1,530,04,2009
1767,NAmes,1Story,8,1966,Gable,CompShg,CBlock,GasA,Y,SBrkr,2,542,07,2009
1768,NAmes,1Story,7,1956,Gable,CompShg,CBlock,GasA,Y,SBrkr,0,286,06,2009
1769,NAmes,1Story,6,1960,Gable,CompShg,CBlock,GasA,Y,SBrkr,2,441,08,2009
1770,NAmes,1Story,8,1959,Hip,CompShg,CBlock,GasA,Y,SBrkr,0,297,06,2009
1771,NAmes,1Story,5,1956,Gable,CompShg,CBlock,GasA,Y,SBrkr,0,304,11,2009
1772,NAmes,1Story,5,1955,Gable,CompShg,CBlock,GasA,Y,FuseA,0,350,07,2009
1773,NAmes,1Story,5,1956,Gable,CompShg,CBlock,GasA,Y,SBrkr,2,294,11,2009
1774,NAmes,1Story,4,1958,Hip,CompShg,PConc,GasA,Y,SBrkr,0,495,12,2009
1775,NAmes,1Story,7,1954,Hip,CompShg,CBlock,GasA,Y,SBrkr,0,297,02,2009
1776,NAmes,1Story,5,1951,Hip,CompShg,CBlock,GasA,Y,FuseA,0,480,10,2009
1777,NAmes,1Story,6,1945,Gable,CompShg,CBlock,GasA,Y,SBrkr,0,240,08,2009
1778,NAmes,1Story,8,1952,Hip,CompShg,CBlock,GasA,Y,SBrkr,0,230,03,2009
1779,NAmes,1Story,5,1953,Hip,CompShg,Slab,GasA,Y,FuseA,0,616,08,2009
1780,NAmes,2Story,7,1948,Gable,CompShg,CBlock,GasA,Y,FuseA,1,410,12,2009
1781,NAmes,1Story,6,1950,Gable,CompShg,CBlock,GasA,Y,SBrkr,0,246,08,2009
1782,OldTown,1Story,5,1958,Gable,CompShg,CBlock,GasA,Y,FuseA,0,366,08,2009
1783,OldTown,2Story,7,1939,Gable,CompShg,BrkTil,GasA,Y,SBrkr,0,720,08,2009
1784,OldTown,2Story,8,1900,Gable,CompShg,BrkTil,GasA,Y,SBrkr,0,281,05,2009
1785,OldTown,1Story,7,1925,Gable,CompShg,BrkTil,GasA,Y,SBrkr,0,264,12,2009
1786,OldTown,1.5Fin,5,1915,Gable,CompShg,BrkTil,GasA,Y,SBrkr,1,528,06,2009
1787,OldTown,2Story,9,1910,Gable,CompShg,PConc,GasA,Y,SBrkr,0,624,08,2009
1788,OldTown,1Story,5,1940,Gable,CompShg,PConc,GasA,N,FuseA,0,0,06,2009
1789,OldTown,1Story,7,1920,Gable,CompShg,BrkTil,GasA,N,SBrkr,0,576,06,2009
1790,OldTown,1Story,5,1890,Gable,CompShg,BrkTil,GasA,Y,FuseA,0,320,11,2009
1791,NAmes,2Story,5,1969,Gable,CompShg,CBlock,GasA,Y,SBrkr,0,907,08,2009
1792,NAmes,1Story,7,1963,Gable,CompShg,CBlock,GasA,Y,SBrkr,0,364,06,2009
1793,NAmes,1Story,4,1967,Gable,CompShg,CBlock,GasA,Y,SBrkr,1,480,05,2009
1794,NAmes,1Story,9,1958,Hip,CompShg,CBlock,GasA,Y,SBrkr,0,480,9,2009
1795,NAmes,1Story,6,1957,Hip,CompShg,CBlock,GasA,Y,FuseA,0,308,04,2009
1796,NAmes,1Story,6,1958,Flat,Tar&Grv,CBlock,GasA,Y,SBrkr,1,384,04,2009
1797,NAmes,1.5Fin,5,1950,Gable,CompShg,CBlock,GasA,N,SBrkr,0,900,12,2009
1798,NAmes,1Story,6,1958,Hip,CompShg,CBlock,GasA,Y,SBrkr,0,294,03,2009
1799,NAmes,1Story,7,1952,Gable,CompShg,CBlock,GasA,Y,SBrkr,0,240,9,2009
1800,NAmes,SLvl,5,1959,Gable,CompShg,CBlock,GasA,Y,SBrkr,0,288,07,2009
1801,NAmes,1.5Fin,7,1949,Gable,CompShg,CBlock,GasA,Y,FuseF,0,384,08,2009
1802,NAmes,1.5Fin,7,1948,Gable,CompShg,CBlock,GasA,Y,SBrkr,0,576,08,2009
1803,NAmes,2Story,5,1964,Gable,CompShg,CBlock,GasA,Y,SBrkr,0,483,03,2009
1804,NAmes,SFoyer,7,1978,Gable,CompShg,CBlock,GasA,Y,SBrkr,0,564,11,2009
1805,NAmes,1Story,6,1963,Hip,CompShg,CBlock,GasA,Y,SBrkr,1,264,04,2009
1806,OldTown,1.5Fin,8,1935,Gable,CompShg,PConc,GasA,Y,SBrkr,0,162,06,2009
1807,OldTown,2Story,5,1910,Gable,CompShg,CBlock,GasA,N,FuseA,0,324,06,2009
1808,OldTown,1.5Fin,8,1910,Gable,CompShg,CBlock,GasA,Y,SBrkr,0,472,07,2009
1809,OldTown,2Story,8,1910,Gable,CompShg,CBlock,GasA,Y,SBrkr,0,0,03,2009
1810,OldTown,2Story,6,1939,Gable,CompShg,BrkTil,GasA,Y,FuseA,1,400,10,2009
1811,OldTown,2Story,6,1920,Gable,CompShg,BrkTil,GasA,N,SBrkr,0,0,10,2009
1812,OldTown,1.5Fin,5,1910,Gable,CompShg,BrkTil,GasA,N,SBrkr,0,0,07,2009
1813,OldTown,1.5Fin,7,1950,Gable,CompShg,CBlock,GasA,Y,FuseA,0,308,03,2009
1814,OldTown,1Story,6,1920,Gable,CompShg,BrkTil,GasA,Y,SBrkr,0,288,11,2009
1815,OldTown,1Story,4,1940,Gable,CompShg,BrkTil,GasA,N,FuseA,0,308,10,2009
1816,OldTown,1Story,8,1923,Gable,CompShg,PConc,GasA,Y,SBrkr,0,287,02,2009
1817,OldTown,2Story,4,1910,Gable,CompShg,BrkTil,GasA,Y,SBrkr,0,720,06,2009
1818,OldTown,2Story,7,1900,Gable,CompShg,BrkTil,GasA,Y,FuseA,0,357,06,2009
1819,OldTown,2Story,7,1917,Gable,CompShg,BrkTil,GasA,Y,SBrkr,1,280,05,2009
1820,OldTown,1Story,3,1910,Gable,CompShg,BrkTil,GasA,Y,SBrkr,1,0,06,2009
1821,OldTown,1.5Fin,6,1920,Gable,CompShg,BrkTil,GasA,Y,SBrkr,0,207,9,2009
1822,OldTown,2Story,7,1910,Gable,CompShg,PConc,GasA,Y,SBrkr,0,640,9,2009
1823,IDOTRR,1Story,3,1900,Mansard,CompShg,CBlock,GasA,N,SBrkr,0,0,9,2009
1824,BrkSide,1Story,6,1923,Gable,CompShg,BrkTil,GasA,N,FuseA,1,216,9,2009
1825,BrkSide,1.5Fin,7,1930,Gable,CompShg,CBlock,GasA,Y,SBrkr,1,336,05,2009
1826,BrkSide,1.5Fin,5,1924,Gable,CompShg,BrkTil,GasA,Y,SBrkr,0,320,06,2009
1827,BrkSide,1Story,6,1925,Gable,CompShg,BrkTil,GasA,Y,SBrkr,0,264,03,2009
1828,BrkSide,1.5Fin,6,1938,Gable,CompShg,BrkTil,GasA,Y,FuseA,1,250,02,2009
1829,BrkSide,1Story,5,1925,Hip,CompShg,BrkTil,GasA,Y,SBrkr,0,1184,08,2009
1830,OldTown,2Story,6,1915,Gable,CompShg,PConc,GasA,Y,FuseA,0,576,06,2009
1831,OldTown,2Story,8,1915,Gable,CompShg,BrkTil,GasA,Y,SBrkr,0,216,06,2009
1832,OldTown,2Story,1,1922,Hip,CompShg,BrkTil,GasA,N,SBrkr,0,0,9,2009
1833,IDOTRR,2Story,5,1927,Gable,CompShg,CBlock,GasA,Y,SBrkr,0,316,08,2009
1834,OldTown,2Story,7,1915,Gable,CompShg,BrkTil,GasA,Y,SBrkr,0,379,02,2009
1835,OldTown,2.5Unf,5,1902,Gable,CompShg,BrkTil,GasA,N,FuseF,0,0,05,2009
1836,IDOTRR,1.5Fin,6,1927,Gable,CompShg,BrkTil,GasA,Y,FuseA,0,384,08,2009
1837,IDOTRR,SFoyer,6,1923,Hip,CompShg,PConc,GasA,Y,SBrkr,0,0,07,2009
1838,IDOTRR,2Story,7,1915,Gable,CompShg,CBlock,GasA,Y,FuseF,0,308,02,2009
1839,Sawyer,1Story,9,1946,Gable,CompShg,CBlock,GasA,Y,FuseA,0,220,9,2009
1840,Edwards,1Story,5,1987,Gable,CompShg,CBlock,GasA,Y,SBrkr,0,0,03,2009
1841,Edwards,SFoyer,5,1978,Gable,CompShg,PConc,GasA,Y,SBrkr,0,252,07,2009
1842,Edwards,1.5Fin,3,1934,Gable,CompShg,PConc,GasA,N,FuseA,0,226,03,2009
1843,Sawyer,1Story,6,1967,Hip,CompShg,CBlock,GasA,Y,SBrkr,1,668,04,2009
1844,Sawyer,SFoyer,5,1978,Gable,CompShg,CBlock,GasA,Y,SBrkr,1,504,06,2009
1845,Sawyer,SLvl,5,1961,Hip,CompShg,CBlock,GasA,Y,SBrkr,1,384,07,2009
1846,Sawyer,SLvl,5,1960,Hip,CompShg,CBlock,GasA,Y,SBrkr,1,480,03,2009
1847,ClearCr,SLvl,5,1956,Hip,CompShg,CBlock,GasA,Y,SBrkr,1,336,10,2009
1848,Sawyer,1Story,2,1947,Gable,CompShg,Slab,GasA,N,SBrkr,0,0,06,2009
1849,Edwards,1Story,5,1954,Gable,CompShg,CBlock,GasA,Y,SBrkr,0,498,10,2009
1850,Edwards,1Story,5,1956,Hip,CompShg,CBlock,GasA,Y,FuseA,0,340,02,2009
1851,Edwards,2Story,7,1946,Hip,CompShg,CBlock,GasA,Y,SBrkr,1,240,07,2009
1852,Edwards,1Story,6,1954,Gable,CompShg,CBlock,GasW,Y,SBrkr,1,252,9,2009
1853,Edwards,1Story,5,1984,Gable,CompShg,CBlock,GasA,Y,SBrkr,0,266,02,2009
1854,SawyerW,SLvl,6,1990,Gable,CompShg,PConc,GasA,Y,SBrkr,0,462,07,2009
1855,SawyerW,SLvl,5,1983,Gable,CompShg,CBlock,GasA,Y,SBrkr,1,576,9,2009
1856,SawyerW,2Story,5,1993,Gable,CompShg,PConc,GasA,Y,SBrkr,1,473,08,2009
1857,SawyerW,2Story,7,1880,Gable,CompShg,PConc,GasA,Y,SBrkr,1,576,06,2009
1858,SawyerW,2Story,5,1979,Gable,CompShg,Slab,GasA,Y,SBrkr,0,720,06,2009
1859,SawyerW,1Story,5,1979,Gable,CompShg,Slab,GasA,Y,SBrkr,0,400,06,2009
1860,SawyerW,SFoyer,5,1979,Gable,CompShg,CBlock,GasA,Y,SBrkr,2,672,06,2009
1861,SawyerW,1Story,5,1979,Gable,CompShg,Slab,GasA,Y,SBrkr,0,400,06,2009
1862,SawyerW,2Story,5,2000,Hip,CompShg,PConc,GasA,Y,SBrkr,2,820,10,2009
1863,SawyerW,2Story,5,2000,Hip,CompShg,PConc,GasA,Y,SBrkr,2,820,10,2009
1864,SawyerW,2Story,5,2000,Hip,CompShg,PConc,GasA,Y,SBrkr,2,820,10,2009
1865,CollgCr,1Story,5,2009,Hip,CompShg,PConc,GasA,Y,SBrkr,1,1138,07,2009
1866,CollgCr,1Story,5,2008,Gable,CompShg,PConc,GasA,Y,SBrkr,1,846,11,2009
1867,CollgCr,1Story,5,2008,Gable,CompShg,PConc,GasA,Y,SBrkr,1,904,06,2009
1868,CollgCr,1Story,5,2007,Hip,CompShg,PConc,GasA,Y,SBrkr,2,524,04,2009
1869,CollgCr,1Story,5,2007,Gable,CompShg,PConc,GasA,Y,SBrkr,1,662,05,2009
1870,CollgCr,1Story,5,2008,Gable,CompShg,PConc,GasA,Y,SBrkr,0,810,03,2009
1871,CollgCr,1Story,5,2005,Gable,CompShg,PConc,GasA,Y,SBrkr,1,844,03,2009
1872,CollgCr,2Story,5,2005,Gable,CompShg,PConc,GasA,Y,SBrkr,1,440,07,2009
1873,ClearCr,2Story,5,1992,Gable,CompShg,PConc,GasA,Y,SBrkr,1,525,06,2009
1874,CollgCr,1Story,7,1994,Gable,CompShg,PConc,GasA,Y,SBrkr,0,440,10,2009
1875,CollgCr,1Story,5,1998,Gable,CompShg,PConc,GasA,Y,SBrkr,0,539,12,2009
1876,CollgCr,2Story,5,1998,Gable,CompShg,PConc,GasA,Y,SBrkr,1,492,04,2009
1877,CollgCr,1Story,5,2002,Gable,CompShg,PConc,GasA,Y,SBrkr,0,577,04,2009
1878,CollgCr,1Story,5,2001,Gable,CompShg,PConc,GasA,Y,SBrkr,1,608,07,2009
1879,CollgCr,1Story,5,1978,Gable,CompShg,BrkTil,GasA,Y,SBrkr,0,343,07,2009
1880,CollgCr,1Story,7,1979,Gable,CompShg,CBlock,GasA,Y,SBrkr,0,444,10,2009
1881,CollgCr,1Story,5,2002,Hip,CompShg,PConc,GasA,Y,SBrkr,0,1231,9,2009
1882,CollgCr,2Story,5,2003,Gable,CompShg,PConc,GasA,Y,SBrkr,1,570,06,2009
1883,CollgCr,2Story,5,2002,Gable,CompShg,PConc,GasA,Y,SBrkr,0,550,11,2009
1884,CollgCr,2Story,5,2001,Gable,CompShg,PConc,GasA,Y,SBrkr,0,608,05,2009
1885,CollgCr,1Story,5,1999,Gable,CompShg,PConc,GasA,Y,SBrkr,1,521,06,2009
1886,CollgCr,1Story,5,2002,Hip,CompShg,PConc,GasA,Y,SBrkr,1,523,06,2009
1887,CollgCr,1Story,5,1997,Gable,CompShg,PConc,GasA,Y,SBrkr,1,511,08,2009
1888,CollgCr,1Story,5,2007,Gable,CompShg,PConc,GasA,Y,SBrkr,1,810,01,2009
1889,CollgCr,2Story,5,2007,Gable,CompShg,PConc,GasA,Y,SBrkr,1,440,07,2009
1890,Edwards,1Story,6,1960,Gable,CompShg,CBlock,GasA,Y,SBrkr,0,544,07,2009
1891,Edwards,SFoyer,5,2005,Gable,CompShg,Wood,GasA,Y,SBrkr,0,525,04,2009
1892,Edwards,1Story,5,1959,Gable,CompShg,CBlock,GasA,Y,FuseA,0,320,03,2009
1893,Edwards,1Story,5,1950,Gable,CompShg,CBlock,GasA,Y,FuseA,0,195,06,2009
1894,Edwards,1Story,5,1959,Hip,CompShg,CBlock,GasA,Y,SBrkr,0,0,08,2009
1895,Edwards,1Story,5,1956,Hip,CompShg,CBlock,GasA,Y,SBrkr,1,313,05,2009
1896,Edwards,1.5Fin,6,1941,Gable,CompShg,CBlock,GasA,Y,SBrkr,2,256,9,2009
1897,SWISU,1.5Fin,4,1938,Gable,CompShg,PConc,GasA,Y,SBrkr,2,250,07,2009
1898,SWISU,2Story,6,1935,Gable,CompShg,BrkTil,GasA,Y,FuseF,1,180,03,2009
1899,Crawfor,1Story,8,1916,Gable,CompShg,BrkTil,GasA,Y,SBrkr,1,440,10,2009
1900,Crawfor,2Story,8,1918,Gambrel,CompShg,BrkTil,GasA,Y,SBrkr,1,215,05,2009
1901,Crawfor,1.5Fin,6,1940,Gable,CompShg,CBlock,GasA,Y,SBrkr,2,440,02,2009
1902,Crawfor,1Story,4,1960,Gable,CompShg,CBlock,GasA,Y,SBrkr,0,307,06,2009
1903,Crawfor,2.5Unf,6,1940,Gable,CompShg,BrkTil,GasA,Y,SBrkr,2,400,07,2009
1904,Crawfor,1Story,6,1954,Gable,CompShg,BrkTil,GasA,Y,SBrkr,1,390,10,2009
1905,Crawfor,1Story,6,1960,Gable,CompShg,CBlock,GasA,Y,SBrkr,1,463,05,2009
1906,Crawfor,1.5Fin,7,1949,Gable,CompShg,BrkTil,GasW,N,SBrkr,1,295,10,2009
1907,Crawfor,1Story,5,1954,Gable,CompShg,PConc,GasA,Y,SBrkr,2,576,01,2009
1908,Blueste,2Story,6,1980,Gable,CompShg,CBlock,GasA,Y,SBrkr,1,452,05,2009
1909,Blueste,2Story,6,1980,Gable,CompShg,CBlock,GasA,Y,SBrkr,1,462,10,2009
1910,Blueste,2Story,6,1980,Gable,CompShg,CBlock,GasA,Y,SBrkr,1,462,07,2009
1911,Crawfor,SLvl,6,1986,Gable,CompShg,CBlock,GasA,Y,SBrkr,1,501,04,2009
1912,Crawfor,1Story,9,1971,Hip,CompShg,CBlock,GasA,Y,SBrkr,2,551,07,2009
1913,IDOTRR,2Story,6,1900,Gambrel,CompShg,BrkTil,GasA,N,SBrkr,0,576,12,2009
1914,IDOTRR,1Story,6,1925,Gable,CompShg,BrkTil,GasA,N,FuseP,0,200,05,2009
1915,Crawfor,1Story,5,2007,Hip,CompShg,PConc,GasA,Y,SBrkr,1,482,06,2009
1916,IDOTRR,1Story,4,1910,Gable,CompShg,CBlock,GasA,N,FuseA,0,280,03,2009
1917,Mitchel,2Story,5,2000,Gable,CompShg,PConc,GasA,Y,SBrkr,1,642,05,2009
1918,Mitchel,SFoyer,6,1977,Gable,CompShg,CBlock,GasA,Y,SBrkr,1,351,04,2009
1919,Mitchel,SFoyer,7,1977,Gable,CompShg,CBlock,GasA,Y,SBrkr,2,541,11,2009
1920,Mitchel,1Story,5,1991,Gable,CompShg,PConc,GasA,Y,SBrkr,0,672,04,2009
1921,Timber,1Story,5,2008,Gable,CompShg,CBlock,GasA,Y,SBrkr,1,780,07,2009
1922,Timber,1Story,5,2008,Gable,CompShg,PConc,GasA,Y,SBrkr,0,885,01,2009
1923,Timber,2Story,8,1980,Gable,CompShg,PConc,GasA,Y,SBrkr,1,440,02,2009
1924,Timber,SLvl,5,1987,Hip,CompShg,PConc,GasA,Y,SBrkr,1,578,07,2009
1925,Timber,2Story,5,2003,Gable,CompShg,PConc,GasA,Y,SBrkr,0,486,02,2009
1926,Timber,1Story,5,2007,Hip,CompShg,PConc,GasA,Y,SBrkr,1,920,05,2009
1927,Mitchel,1Story,7,1968,Gable,CompShg,CBlock,GasA,Y,SBrkr,0,384,04,2009
1928,Mitchel,1Story,5,1969,Hip,CompShg,CBlock,GasA,Y,SBrkr,1,504,03,2009
1929,Mitchel,SFoyer,8,1972,Gable,CompShg,CBlock,GasA,Y,SBrkr,0,336,07,2009
1930,Mitchel,SLvl,5,1993,Gable,CompShg,CBlock,GasA,Y,SBrkr,0,429,08,2009
1931,Mitchel,SFoyer,6,1992,Gable,CompShg,PConc,GasA,Y,SBrkr,1,698,06,2009
1932,Mitchel,2Story,5,1992,Gable,CompShg,PConc,GasA,Y,SBrkr,0,440,07,2009
1933,Mitchel,2Story,7,1969,Gable,CompShg,CBlock,GasA,Y,SBrkr,1,898,04,2009
1934,Gilbert,2Story,5,1997,Gable,CompShg,PConc,GasA,Y,SBrkr,1,470,04,2008
1935,Gilbert,2Story,5,1995,Gable,CompShg,PConc,GasA,Y,SBrkr,1,420,10,2008
1936,Gilbert,2Story,5,1998,Gable,CompShg,PConc,GasA,Y,SBrkr,0,472,05,2008
1937,Gilbert,2Story,5,1996,Gable,CompShg,PConc,GasA,Y,SBrkr,1,386,11,2008
1938,Gilbert,1Story,5,1996,Gable,CompShg,PConc,GasA,Y,SBrkr,0,404,11,2008
1939,StoneBr,1Story,5,1997,Gable,CompShg,PConc,GasA,Y,SBrkr,1,528,07,2008
1940,StoneBr,1Story,5,1992,Gable,CompShg,PConc,GasA,Y,SBrkr,0,506,08,2008
1941,Gilbert,2Story,5,1998,Gable,CompShg,PConc,GasA,Y,SBrkr,1,460,04,2008
1942,Gilbert,2Story,5,1991,Gable,CompShg,PConc,GasA,Y,SBrkr,0,416,9,2008
1943,StoneBr,1Story,5,1989,Gable,CompShg,PConc,GasA,Y,SBrkr,1,462,04,2008
1944,StoneBr,2Story,5,2005,Gable,CompShg,PConc,GasA,Y,SBrkr,1,683,07,2008
1945,StoneBr,1Story,5,2004,Hip,CompShg,PConc,GasA,Y,SBrkr,1,670,9,2008
1946,Gilbert,1Story,2,1952,Hip,CompShg,CBlock,GasA,Y,FuseA,2,495,05,2008
1947,StoneBr,1Story,5,2007,Hip,CompShg,PConc,GasA,Y,SBrkr,1,557,07,2008
1948,Gilbert,1Story,5,1950,Hip,CompShg,CBlock,GasA,Y,SBrkr,1,738,07,2008
1949,NWAmes,1Story,6,1988,Gable,CompShg,CBlock,GasA,Y,SBrkr,1,528,06,2008
1950,NWAmes,1Story,7,1983,Gable,CompShg,CBlock,GasA,Y,SBrkr,0,598,07,2008
1951,NWAmes,1Story,5,1978,Hip,CompShg,CBlock,GasA,Y,SBrkr,2,550,08,2008
1952,NWAmes,1Story,5,1979,Hip,CompShg,CBlock,GasA,Y,SBrkr,1,551,03,2008
1953,NWAmes,1Story,5,1976,Hip,CompShg,PConc,GasA,Y,SBrkr,1,461,11,2008
1954,NWAmes,2Story,6,1980,Gable,CompShg,CBlock,GasA,Y,SBrkr,1,489,03,2008
1955,NWAmes,2Story,6,1969,Gable,CompShg,CBlock,GasA,Y,SBrkr,0,484,06,2008
1956,NWAmes,2Story,7,1978,Mansard,WdShake,PConc,GasA,Y,SBrkr,2,1314,12,2008
1957,NWAmes,1Story,5,1976,Gable,CompShg,CBlock,GasA,Y,SBrkr,1,473,04,2008
1958,NWAmes,2Story,5,1996,Gable,CompShg,PConc,GasA,Y,SBrkr,1,787,06,2008
1959,NAmes,2Story,5,1974,Gable,CompShg,CBlock,GasA,Y,SBrkr,0,480,06,2008
1960,NAmes,1Story,6,1969,Gable,CompShg,CBlock,GasA,Y,SBrkr,0,288,9,2008
1961,NAmes,1Story,5,1971,Hip,CompShg,CBlock,GasA,Y,SBrkr,0,576,05,2008
1962,BrDale,2Story,5,1973,Gable,CompShg,CBlock,GasA,Y,SBrkr,0,264,02,2008
1963,BrDale,2Story,6,1972,Gable,CompShg,CBlock,GasA,Y,SBrkr,0,352,04,2008
1964,BrDale,2Story,5,1972,Gable,CompShg,CBlock,GasA,Y,SBrkr,0,264,12,2008
1965,NPkVill,2Story,6,1975,Gable,CompShg,CBlock,GasA,Y,SBrkr,0,460,05,2008
1966,NPkVill,1Story,6,1977,Gable,CompShg,CBlock,GasA,Y,SBrkr,0,440,9,2008
1967,NridgHt,1Story,5,2007,Hip,CompShg,PConc,GasA,Y,SBrkr,0,905,01,2008
1968,NridgHt,1Story,5,2007,Hip,CompShg,PConc,GasA,Y,SBrkr,1,650,08,2008
1969,NridgHt,1Story,5,2007,Hip,CompShg,PConc,GasA,Y,SBrkr,1,706,05,2008
1970,NridgHt,2Story,5,2006,Hip,CompShg,PConc,GasA,Y,SBrkr,1,850,10,2008
1971,NridgHt,2Story,5,2005,Hip,CompShg,PConc,GasA,Y,SBrkr,1,1150,06,2008
1972,NridgHt,2Story,5,2005,Gable,CompShg,PConc,GasA,Y,SBrkr,1,1003,08,2008
1973,NridgHt,2Story,5,2007,Hip,CompShg,PConc,GasA,Y,SBrkr,1,656,06,2008
1974,NridgHt,2Story,5,2004,Gable,CompShg,PConc,GasA,Y,SBrkr,1,756,07,2008
1975,NridgHt,1Story,5,2003,Hip,CompShg,PConc,GasA,Y,SBrkr,2,789,02,2008
1976,NridgHt,1Story,5,2003,Gable,CompShg,PConc,GasA,Y,SBrkr,1,732,06,2008
1977,NridgHt,2Story,5,2001,Gable,CompShg,PConc,GasA,Y,SBrkr,1,746,01,2008
1978,NridgHt,2Story,5,2003,Gable,CompShg,PConc,GasA,Y,SBrkr,1,795,07,2008
1979,NridgHt,1Story,5,2008,Hip,CompShg,PConc,GasA,Y,SBrkr,1,870,11,2008
1980,NridgHt,1Story,5,2005,Gable,CompShg,PConc,GasA,Y,SBrkr,1,484,06,2008
1981,NridgHt,1Story,5,2007,Hip,CompShg,PConc,GasA,Y,SBrkr,1,944,06,2008
1982,NridgHt,1Story,5,2006,Hip,CompShg,PConc,GasA,Y,SBrkr,1,550,06,2008
1983,NridgHt,1Story,5,2006,Hip,CompShg,PConc,GasA,Y,SBrkr,1,550,02,2008
1984,NridgHt,2Story,5,2003,Gable,CompShg,PConc,GasA,Y,SBrkr,0,474,10,2008
1985,Blmngtn,1Story,5,2003,Gable,CompShg,PConc,GasA,Y,SBrkr,1,644,08,2008
1986,Blmngtn,1Story,5,2004,Hip,CompShg,PConc,GasA,Y,SBrkr,1,668,05,2008
1987,Blmngtn,1Story,5,2007,Gable,CompShg,PConc,GasA,Y,SBrkr,1,428,03,2008
1988,Gilbert,2Story,5,2004,Gable,CompShg,PConc,GasA,Y,SBrkr,1,393,07,2008
1989,Gilbert,2Story,5,2002,Gable,CompShg,PConc,GasA,Y,SBrkr,1,400,07,2008
1990,Gilbert,2Story,5,2003,Gable,CompShg,PConc,GasA,Y,SBrkr,1,434,05,2008
1991,NridgHt,1Story,6,2007,Gable,CompShg,PConc,GasA,Y,SBrkr,1,484,11,2008
1992,Gilbert,2Story,5,2000,Gable,CompShg,PConc,GasA,Y,SBrkr,1,431,07,2008
1993,Gilbert,2Story,5,2002,Gable,CompShg,PConc,GasA,Y,SBrkr,1,403,04,2008
1994,Gilbert,2Story,5,1999,Gable,CompShg,PConc,GasA,Y,SBrkr,1,400,05,2008
1995,Gilbert,2Story,5,1999,Gable,CompShg,PConc,GasA,Y,SBrkr,1,450,05,2008
1996,NoRidge,2.5Unf,5,1997,Hip,CompShg,PConc,GasA,Y,SBrkr,1,516,9,2008
1997,NoRidge,2Story,5,2000,Hip,CompShg,PConc,GasA,Y,SBrkr,1,687,06,2008
1998,NoRidge,1Story,5,1998,Gable,CompShg,PConc,GasA,Y,SBrkr,1,938,07,2008
1999,NoRidge,2Story,5,1996,Gable,CompShg,PConc,GasA,Y,SBrkr,2,576,06,2008
2000,NoRidge,2Story,7,1995,Gable,CompShg,PConc,GasA,Y,SBrkr,1,751,06,2008
2001,NoRidge,2Story,5,1993,Hip,WdShake,PConc,GasA,Y,SBrkr,1,783,07,2008
2002,Somerst,1Story,5,2006,Gable,CompShg,PConc,GasA,Y,SBrkr,1,642,05,2008
2003,Somerst,2Story,5,2007,Gable,CompShg,PConc,GasA,Y,SBrkr,1,851,07,2008
2004,Somerst,2Story,5,2007,Hip,CompShg,PConc,GasA,Y,SBrkr,1,880,02,2008
2005,Somerst,1Story,5,2006,Hip,CompShg,PConc,GasA,Y,SBrkr,1,480,08,2008
2006,Somerst,1Story,5,2007,Gable,CompShg,PConc,GasA,Y,SBrkr,0,588,07,2008
2007,Somerst,1Story,5,2007,Gable,CompShg,PConc,GasA,Y,SBrkr,1,660,06,2008
2008,Somerst,1Story,5,2007,Gable,CompShg,PConc,GasA,Y,SBrkr,0,462,04,2008
2009,SawyerW,2Story,5,2003,Gable,CompShg,PConc,GasA,Y,SBrkr,0,542,07,2008
2010,SawyerW,2Story,5,2003,Gable,CompShg,PConc,GasA,Y,SBrkr,0,478,07,2008
2011,SawyerW,1Story,5,2005,Gable,CompShg,PConc,GasA,Y,SBrkr,0,0,06,2008
2012,SawyerW,1Story,5,2007,Gable,CompShg,PConc,GasA,Y,SBrkr,0,483,03,2008
2013,SawyerW,2Story,5,1995,Gable,CompShg,PConc,GasA,Y,SBrkr,0,525,04,2008
2014,SawyerW,2Story,5,1993,Gable,CompShg,PConc,GasA,Y,SBrkr,0,474,10,2008
2015,SawyerW,2Story,5,1994,Gable,CompShg,PConc,GasA,Y,SBrkr,0,483,11,2008
2016,SawyerW,2Story,5,2001,Gable,CompShg,PConc,GasA,Y,SBrkr,0,627,9,2008
2017,SawyerW,2Story,5,1992,Gable,CompShg,PConc,GasA,Y,SBrkr,0,506,05,2008
2018,Sawyer,1Story,5,1963,Hip,CompShg,PConc,GasA,Y,SBrkr,1,384,08,2008
2019,Sawyer,1Story,8,1961,Gable,CompShg,CBlock,GasA,Y,SBrkr,1,420,07,2008
2020,Sawyer,1Story,5,1968,Gable,CompShg,CBlock,GasA,N,SBrkr,0,308,04,2008
2021,Sawyer,1Story,5,1963,Hip,CompShg,CBlock,GasA,Y,SBrkr,0,276,01,2008
2022,Veenker,1Story,5,1974,Gable,CompShg,CBlock,GasA,Y,SBrkr,2,484,07,2008
2023,Sawyer,1.5Fin,4,1972,Gable,CompShg,CBlock,GasA,Y,SBrkr,1,490,07,2008
2024,NoRidge,2Story,5,1990,Hip,CompShg,PConc,GasA,Y,SBrkr,2,473,06,2008
2025,NoRidge,1.5Fin,5,1993,Hip,CompShg,PConc,GasA,Y,SBrkr,1,636,06,2008
2026,Somerst,1Story,5,2004,Gable,CompShg,PConc,GasA,Y,SBrkr,0,495,06,2008
2027,Somerst,2Story,5,2005,Gable,CompShg,PConc,GasA,Y,SBrkr,0,480,05,2008
2028,Somerst,2Story,5,2007,Gable,CompShg,PConc,GasA,Y,SBrkr,0,540,03,2008
2029,Somerst,2Story,5,1999,Gable,CompShg,PConc,GasA,Y,SBrkr,0,440,04,2008
2030,Somerst,1Story,5,2000,Hip,CompShg,PConc,GasA,Y,SBrkr,1,495,07,2008
2031,Somerst,1Story,5,2001,Gable,CompShg,PConc,GasA,Y,SBrkr,1,545,07,2008
2032,Somerst,1Story,5,2001,Gable,CompShg,PConc,GasA,Y,SBrkr,1,588,9,2008
2033,Somerst,1Story,5,1999,Gable,CompShg,PConc,GasA,Y,SBrkr,1,484,06,2008
2034,Somerst,SLvl,5,1999,Gable,CompShg,PConc,GasA,Y,SBrkr,0,462,06,2008
2035,Somerst,2Story,5,2001,Gable,CompShg,PConc,GasA,Y,SBrkr,1,546,06,2008
2036,Somerst,2Story,5,1999,Gable,CompShg,PConc,GasA,Y,SBrkr,0,480,12,2008
2037,Somerst,2Story,5,1999,Gable,CompShg,PConc,GasA,Y,SBrkr,0,480,12,2008
2038,Somerst,2Story,5,1998,Gable,CompShg,PConc,GasA,Y,SBrkr,1,846,02,2008
2039,Veenker,1Story,5,1995,Hip,CompShg,PConc,GasA,Y,SBrkr,1,477,08,2008
2040,Veenker,2Story,3,1977,Mansard,CompShg,CBlock,GasA,Y,SBrkr,1,864,06,2008
2041,Veenker,1Story,9,1976,Gable,CompShg,CBlock,GasA,Y,SBrkr,1,550,05,2008
2042,Somerst,2Story,5,2002,Gable,CompShg,PConc,GasA,Y,SBrkr,1,469,04,2008
2043,NWAmes,SLvl,6,1969,Gable,CompShg,CBlock,GasA,Y,SBrkr,0,516,05,2008
2044,NWAmes,1Story,5,1968,Gable,CompShg,CBlock,GasA,Y,SBrkr,1,512,10,2008
2045,NWAmes,1Story,7,1967,Gable,CompShg,CBlock,GasA,Y,SBrkr,1,578,08,2008
2046,NWAmes,1Story,6,1965,Gable,CompShg,CBlock,GasA,Y,SBrkr,0,484,08,2008
2047,NAmes,2Story,6,1968,Gable,CompShg,CBlock,GasA,Y,SBrkr,0,470,06,2008
2048,NAmes,1Story,7,1965,Hip,CompShg,CBlock,GasA,Y,SBrkr,0,576,07,2008
2049,NAmes,1Story,5,1965,Gable,CompShg,CBlock,GasA,Y,SBrkr,0,576,11,2008
2050,NWAmes,2Story,6,1971,Gable,CompShg,CBlock,GasA,Y,SBrkr,0,464,05,2008
2051,NAmes,1Story,5,1956,Gable,CompShg,Slab,GasA,Y,SBrkr,0,267,03,2008
2052,NAmes,1Story,5,1961,Gable,CompShg,CBlock,GasA,Y,SBrkr,0,451,05,2008
2053,NAmes,1Story,7,1960,Gable,CompShg,CBlock,GasA,Y,SBrkr,0,264,08,2008
2054,BrkSide,2Story,7,1937,Gable,CompShg,PConc,GasA,Y,SBrkr,0,231,9,2008
2055,NAmes,1Story,6,1960,Gable,CompShg,CBlock,GasA,Y,SBrkr,0,450,02,2008
2056,NAmes,1Story,8,1950,Gable,CompShg,CBlock,GasA,Y,SBrkr,1,264,9,2008
2057,NAmes,1Story,5,1953,Hip,CompShg,CBlock,GasA,Y,SBrkr,0,312,06,2008
2058,NAmes,2Story,7,1966,Gable,CompShg,CBlock,GasA,Y,SBrkr,1,480,08,2008
2059,NAmes,1Story,4,1957,Gable,CompShg,CBlock,GasA,Y,SBrkr,2,292,05,2008
2060,NAmes,1Story,7,1959,Gable,CompShg,CBlock,GasA,Y,SBrkr,0,480,06,2008
2061,NAmes,1Story,6,1958,Gable,CompShg,CBlock,GasA,Y,SBrkr,1,441,05,2008
2062,NAmes,1Story,5,1956,Gable,CompShg,CBlock,GasA,Y,SBrkr,0,384,04,2008
2063,NAmes,1Story,6,1952,Gable,CompShg,CBlock,GasA,Y,FuseA,0,240,05,2008
2064,NAmes,1Story,6,1953,Gable,CompShg,CBlock,GasA,Y,SBrkr,0,636,05,2008
2065,NAmes,1Story,5,1953,Hip,CompShg,PConc,GasW,N,SBrkr,0,400,07,2008
2066,NAmes,1Story,5,1957,Gable,CompShg,CBlock,GasA,Y,SBrkr,2,540,9,2008
2067,NAmes,1Story,3,1957,Gable,CompShg,BrkTil,GasA,Y,SBrkr,1,301,10,2008
2068,NAmes,1Story,5,1957,Gable,CompShg,CBlock,GasA,Y,FuseA,0,484,01,2008
2069,OldTown,1Story,6,1948,Gable,CompShg,Slab,GasA,N,SBrkr,0,390,08,2008
2070,OldTown,1.5Fin,8,1925,Gable,CompShg,PConc,GasA,Y,SBrkr,0,288,05,2008
2071,OldTown,1Story,7,1940,Gambrel,CompShg,PConc,GasA,Y,SBrkr,0,308,07,2008
2072,OldTown,1.5Fin,5,1922,Gable,CompShg,BrkTil,GasA,Y,SBrkr,1,1488,06,2008
2073,NAmes,1Story,6,1968,Gable,CompShg,CBlock,GasA,Y,SBrkr,1,372,06,2008
2074,NAmes,1Story,7,1958,Gable,Tar&Grv,CBlock,GasA,Y,SBrkr,1,495,04,2008
2075,NAmes,1Story,6,1960,Gable,CompShg,CBlock,GasA,Y,SBrkr,0,401,06,2008
2076,NAmes,1Story,7,1951,Gable,CompShg,CBlock,GasA,Y,SBrkr,1,576,02,2008
2077,NAmes,1Story,6,1959,Gable,CompShg,PConc,GasA,Y,FuseA,0,311,05,2008
2078,NAmes,1Story,5,1962,Gable,CompShg,CBlock,GasA,Y,SBrkr,0,299,11,2008
2079,NAmes,1.5Fin,6,1948,Gable,CompShg,CBlock,GasA,Y,SBrkr,0,576,9,2008
2080,NAmes,1.5Unf,7,1954,Gable,CompShg,CBlock,GasA,Y,FuseA,0,280,06,2008
2081,NAmes,1.5Fin,5,1954,Gable,CompShg,CBlock,GasA,Y,FuseA,0,240,04,2008
2082,NAmes,1Story,5,1961,Gable,CompShg,CBlock,GasA,N,SBrkr,0,0,11,2008
2083,NAmes,1.5Fin,6,1955,Gable,CompShg,CBlock,GasA,Y,SBrkr,0,480,03,2008
2084,NAmes,1Story,7,1954,Gable,CompShg,CBlock,GasA,Y,FuseA,0,350,07,2008
2085,NAmes,1Story,5,1963,Gable,CompShg,CBlock,GasA,Y,SBrkr,0,264,05,2008
2086,OldTown,1Story,5,2008,Gable,CompShg,PConc,GasA,N,SBrkr,0,308,12,2008
2087,OldTown,1.5Fin,7,1948,Gable,CompShg,BrkTil,GasA,Y,SBrkr,0,400,07,2008
2088,OldTown,2Story,5,1910,Gable,CompShg,BrkTil,GasA,N,SBrkr,0,330,01,2008
2089,OldTown,1Story,4,1940,Gable,CompShg,CBlock,GasA,Y,SBrkr,0,256,08,2008
2090,OldTown,2.5Unf,7,1915,Gable,CompShg,BrkTil,GasA,Y,SBrkr,0,308,06,2008
2091,OldTown,1.5Fin,6,1910,Gable,CompShg,Stone,GasA,Y,FuseA,0,0,06,2008
2092,OldTown,1.5Fin,6,1940,Gable,CompShg,BrkTil,GasA,Y,FuseA,0,440,05,2008
2093,OldTown,1.5Fin,5,1920,Gable,CompShg,BrkTil,GasA,N,FuseA,1,225,06,2008
2094,OldTown,1Story,6,1920,Gable,CompShg,CBlock,GasA,Y,SBrkr,1,0,02,2008
2095,OldTown,1.5Fin,6,1940,Gable,CompShg,CBlock,GasA,Y,SBrkr,2,828,05,2008
2096,OldTown,1Story,6,1910,Mansard,CompShg,BrkTil,GasA,N,FuseA,0,200,9,2008
2097,OldTown,1.5Fin,9,1890,Gable,CompShg,BrkTil,GasA,Y,SBrkr,0,0,9,2008
2098,OldTown,1.5Fin,6,1946,Gable,CompShg,CBlock,GasA,Y,FuseA,1,869,06,2008
2099,OldTown,1Story,5,1946,Gable,CompShg,BrkTil,GasA,N,FuseA,0,297,03,2008
2100,OldTown,1Story,1,1949,Gable,CompShg,BrkTil,GasA,Y,SBrkr,0,0,12,2008
2101,OldTown,2Story,5,1900,Gable,CompShg,BrkTil,GasA,N,FuseA,0,420,02,2008
2102,OldTown,2Story,8,1920,Gable,CompShg,BrkTil,GasA,Y,SBrkr,0,288,03,2008
2103,OldTown,1.5Fin,7,1900,Gable,CompShg,CBlock,GasA,Y,SBrkr,0,308,05,2008
2104,OldTown,2Story,5,1920,Gable,CompShg,BrkTil,GasA,Y,FuseP,0,393,04,2008
2105,OldTown,2Story,9,1905,Gable,CompShg,BrkTil,GasA,Y,SBrkr,0,0,02,2008
2106,OldTown,2Story,1,1920,Gable,CompShg,BrkTil,GasA,N,SBrkr,0,400,11,2008
2107,OldTown,2Story,7,1890,Gable,CompShg,BrkTil,GasW,Y,SBrkr,1,342,12,2008
2108,OldTown,1Story,6,1959,Gable,CompShg,CBlock,GasA,Y,SBrkr,0,308,06,2008
2109,OldTown,1Story,6,1958,Gable,CompShg,CBlock,GasA,Y,SBrkr,0,308,05,2008
2110,BrkSide,1Story,7,1928,Gable,CompShg,BrkTil,GasA,Y,SBrkr,1,288,07,2008
2111,BrkSide,1.5Fin,7,1945,Gable,CompShg,CBlock,GasA,Y,SBrkr,0,252,08,2008
2112,BrkSide,1.5Fin,5,1935,Gable,CompShg,BrkTil,GasA,Y,SBrkr,1,240,07,2008
2113,BrkSide,1.5Fin,7,1941,Gable,CompShg,CBlock,GasA,Y,SBrkr,0,240,05,2008
2114,BrkSide,2Story,9,1900,Gable,CompShg,BrkTil,GasA,Y,SBrkr,0,200,04,2008
2115,BrkSide,1.5Fin,7,1940,Gable,CompShg,CBlock,GasA,Y,SBrkr,1,240,07,2008
2116,BrkSide,1Story,7,1924,Gable,CompShg,BrkTil,GasA,Y,SBrkr,1,370,07,2008
2117,BrkSide,1.5Fin,7,1937,Gable,CompShg,BrkTil,GasA,Y,SBrkr,0,672,05,2008
2118,BrkSide,1.5Fin,5,1939,Gable,CompShg,CBlock,GasA,Y,SBrkr,1,240,04,2008
2119,BrkSide,1.5Unf,7,1926,Gable,CompShg,BrkTil,GasA,Y,SBrkr,0,160,04,2008
2120,BrkSide,1.5Fin,7,1920,Gable,CompShg,BrkTil,GasA,Y,SBrkr,1,355,04,2008
2121,BrkSide,1Story,7,1946,Gable,CompShg,PConc,GasA,Y,FuseA,0,280,04,2008
2122,BrkSide,1.5Fin,7,1929,Gable,CompShg,PConc,GasA,Y,SBrkr,0,336,08,2008
2123,BrkSide,1Story,6,1945,Gable,CompShg,CBlock,GasA,N,SBrkr,0,164,06,2008
2124,BrkSide,1.5Fin,5,1939,Gable,CompShg,BrkTil,GasA,Y,SBrkr,1,400,01,2008
2125,OldTown,2Story,5,1923,Gambrel,CompShg,BrkTil,GasA,Y,SBrkr,0,576,10,2008
2126,BrkSide,1.5Fin,4,1915,Gable,CompShg,BrkTil,GasA,Y,SBrkr,0,672,03,2008
2127,OldTown,2.5Unf,8,1910,Gable,CompShg,PConc,GasA,Y,SBrkr,0,360,9,2008
2128,OldTown,1.5Fin,8,1910,Gambrel,CompShg,BrkTil,GasA,Y,SBrkr,0,228,06,2008
2129,IDOTRR,1Story,6,1930,Gable,CompShg,BrkTil,GasA,Y,SBrkr,0,440,07,2008
2130,IDOTRR,2Story,6,1952,Gable,CompShg,CBlock,GasA,Y,FuseA,0,308,05,2008
2131,IDOTRR,1.5Fin,6,1938,Gable,CompShg,BrkTil,GasA,Y,SBrkr,1,400,11,2008
2132,IDOTRR,1.5Fin,6,1915,Gable,CompShg,BrkTil,GasA,Y,SBrkr,0,400,04,2008
2133,IDOTRR,1Story,7,1925,Gable,CompShg,CBlock,GasA,Y,SBrkr,0,320,07,2008
2134,IDOTRR,1.5Fin,6,1925,Gable,CompShg,PConc,GasA,Y,SBrkr,1,384,08,2008
2135,IDOTRR,1Story,8,1912,Gable,CompShg,BrkTil,GasA,Y,SBrkr,0,576,08,2008
2136,IDOTRR,2Story,3,1915,Gable,CompShg,PConc,GasA,N,FuseF,0,0,05,2008
2137,Sawyer,1Story,6,1947,Gable,CompShg,CBlock,GasA,N,SBrkr,0,240,9,2008
2138,Sawyer,SFoyer,6,1963,Gable,CompShg,CBlock,GasA,Y,SBrkr,0,440,05,2008
2139,Sawyer,SLvl,5,1978,Gable,CompShg,CBlock,GasA,Y,SBrkr,1,484,12,2008
2140,Sawyer,1Story,7,1967,Gable,CompShg,CBlock,GasA,Y,SBrkr,0,294,07,2008
2141,Sawyer,SFoyer,8,1978,Gable,CompShg,CBlock,GasA,Y,SBrkr,1,504,05,2008
2142,Sawyer,1Story,5,1967,Gable,CompShg,CBlock,GasA,Y,SBrkr,0,270,03,2008
2143,Sawyer,SFoyer,5,1984,Gable,CompShg,PConc,GasA,Y,SBrkr,0,506,03,2008
2144,Sawyer,1Story,4,1920,Gable,CompShg,PConc,GasA,Y,SBrkr,0,400,01,2008
2145,Sawyer,1Story,8,1963,Gable,CompShg,CBlock,GasA,Y,SBrkr,0,300,05,2008
2146,Sawyer,1Story,8,1956,Gable,CompShg,CBlock,GasA,Y,FuseA,1,621,06,2008
2147,ClearCr,1Story,3,1960,Flat,Tar&Grv,CBlock,GasA,Y,SBrkr,2,626,12,2008
2148,Sawyer,1.5Fin,7,1941,Gable,CompShg,BrkTil,GasA,Y,SBrkr,0,627,06,2008
2149,Sawyer,SLvl,8,1970,Hip,CompShg,PConc,GasA,Y,SBrkr,0,912,06,2008
2150,ClearCr,1Story,6,1979,Gable,CompShg,CBlock,GasA,Y,SBrkr,2,478,04,2008
2151,Edwards,1.5Fin,5,1948,Gable,CompShg,CBlock,GasA,Y,SBrkr,1,249,01,2008
2152,Edwards,1Story,7,1940,Flat,Tar&Grv,PConc,GasA,Y,SBrkr,2,0,01,2008
2153,Edwards,1Story,6,1956,Hip,CompShg,CBlock,GasA,Y,FuseA,1,322,07,2008
2154,Edwards,SFoyer,5,1975,Gable,CompShg,PConc,GasA,N,SBrkr,0,0,04,2008
2155,Edwards,2Story,8,1962,Gable,CompShg,CBlock,GasA,Y,SBrkr,0,280,11,2008
2156,SawyerW,2Story,5,1995,Gable,CompShg,PConc,GasA,Y,SBrkr,1,614,06,2008
2157,SawyerW,1Story,5,1994,Gable,CompShg,PConc,GasA,Y,SBrkr,1,534,04,2008
2158,SawyerW,2Story,5,1993,Gable,CompShg,PConc,GasA,Y,SBrkr,1,453,12,2008
2159,SawyerW,SLvl,5,1996,Gable,CompShg,PConc,GasA,Y,SBrkr,1,472,02,2008
2160,CollgCr,2Story,5,2007,Gable,CompShg,PConc,GasA,Y,SBrkr,1,484,03,2008
2161,CollgCr,1Story,5,2007,Gable,CompShg,PConc,GasA,Y,SBrkr,1,864,05,2008
2162,CollgCr,1Story,5,2008,Hip,CompShg,PConc,GasA,Y,SBrkr,2,1348,06,2008
2163,CollgCr,1Story,5,2008,Hip,CompShg,PConc,GasA,Y,SBrkr,2,874,12,2008
2164,SawyerW,SLvl,5,1995,Gable,CompShg,PConc,GasA,Y,SBrkr,1,811,02,2008
2165,ClearCr,1Story,6,1966,Flat,Tar&Grv,CBlock,GasA,Y,SBrkr,1,438,03,2008
2166,CollgCr,1Story,7,1994,Gable,CompShg,PConc,GasA,Y,SBrkr,0,528,08,2008
2167,CollgCr,1Story,5,1997,Gable,CompShg,PConc,GasA,Y,SBrkr,1,558,05,2008
2168,CollgCr,2Story,5,1997,Gable,CompShg,PConc,GasA,Y,SBrkr,0,600,07,2008
2169,CollgCr,2Story,5,2000,Gable,CompShg,PConc,GasA,Y,SBrkr,0,532,06,2008
2170,CollgCr,2Story,5,2000,Gable,CompShg,PConc,GasA,Y,SBrkr,0,626,05,2008
2171,CollgCr,1Story,6,1978,Gable,CompShg,CBlock,GasA,Y,SBrkr,0,528,05,2008
2172,CollgCr,1Story,6,1975,Gable,CompShg,CBlock,GasA,Y,SBrkr,1,576,9,2008
2173,CollgCr,1Story,6,1975,Gable,CompShg,CBlock,GasA,Y,SBrkr,0,440,08,2008
2174,CollgCr,2Story,5,2001,Gable,CompShg,PConc,GasA,Y,SBrkr,1,570,06,2008
2175,CollgCr,2Story,5,2001,Gable,CompShg,PConc,GasA,Y,SBrkr,1,725,01,2008
2176,CollgCr,1Story,5,2002,Hip,CompShg,PConc,GasA,Y,SBrkr,1,715,06,2008
2177,CollgCr,2Story,5,2003,Gable,CompShg,PConc,GasA,Y,SBrkr,1,596,08,2008
2178,CollgCr,2Story,5,1999,Gable,CompShg,PConc,GasA,Y,SBrkr,1,560,06,2008
2179,CollgCr,1Story,5,2004,Gable,CompShg,PConc,GasA,Y,SBrkr,0,420,02,2008
2180,CollgCr,SFoyer,5,1997,Gable,CompShg,PConc,GasA,Y,SBrkr,0,721,07,2008
2181,CollgCr,1Story,5,2004,Gable,CompShg,PConc,GasA,Y,SBrkr,0,470,06,2008
2182,CollgCr,1Story,6,2007,Gable,CompShg,PConc,GasA,Y,SBrkr,0,814,02,2008
2183,CollgCr,1Story,5,2007,Gable,CompShg,PConc,GasA,Y,SBrkr,0,610,06,2008
2184,Edwards,1Story,5,1966,Hip,CompShg,CBlock,GasA,Y,SBrkr,0,264,04,2008
2185,Edwards,SFoyer,5,1976,Gable,CompShg,CBlock,GasA,Y,SBrkr,0,504,04,2008
2186,Edwards,1Story,6,1976,Hip,CompShg,CBlock,GasA,Y,SBrkr,1,480,05,2008
2187,Edwards,SLvl,6,1977,Hip,CompShg,CBlock,GasA,Y,SBrkr,1,542,11,2008
2188,Edwards,2Story,7,1976,Hip,CompShg,CBlock,GasA,Y,SBrkr,1,440,02,2008
2189,Edwards,1Story,7,1959,Gable,CompShg,Slab,GasA,Y,SBrkr,2,624,07,2008
2190,Edwards,1Story,5,1955,Gable,CompShg,PConc,GasA,N,SBrkr,0,0,06,2008
2191,Edwards,1Story,5,1955,Gable,CompShg,Slab,GasA,N,FuseF,0,0,07,2008
2192,Edwards,1Story,5,1955,Hip,CompShg,CBlock,GasA,N,FuseP,0,0,05,2008
2193,Edwards,1.5Fin,7,1938,Gable,CompShg,PConc,GasA,Y,FuseF,0,0,01,2008
2194,Edwards,1.5Fin,8,1947,Gable,CompShg,Slab,GasA,Y,SBrkr,0,0,04,2008
2195,Edwards,1Story,5,1953,Gable,CompShg,CBlock,GasA,Y,SBrkr,0,286,05,2008
2196,Edwards,SLvl,6,1954,Gable,CompShg,CBlock,GasA,Y,FuseA,0,312,11,2008
2197,Edwards,1.5Fin,7,1923,Gable,CompShg,PConc,GasA,Y,SBrkr,0,205,06,2008
2198,SWISU,1Story,8,1921,Gable,CompShg,BrkTil,GasA,Y,SBrkr,1,312,04,2008
2199,SWISU,2.5Unf,7,1930,Gable,CompShg,BrkTil,GasA,Y,SBrkr,2,480,07,2008
2200,Crawfor,2Story,6,1926,Gambrel,CompShg,BrkTil,GasA,Y,SBrkr,1,369,07,2008
2201,Crawfor,1.5Fin,6,1914,Gable,CompShg,BrkTil,GasA,Y,SBrkr,0,400,01,2008
2202,Crawfor,2Story,9,1925,Gable,CompShg,PConc,GasA,Y,SBrkr,1,180,06,2008
2203,Crawfor,2Story,3,1923,Hip,CompShg,BrkTil,GasA,Y,SBrkr,1,599,06,2008
2204,Crawfor,1.5Fin,6,1937,Gable,CompShg,CBlock,GasA,Y,SBrkr,1,240,07,2008
2205,Crawfor,1.5Fin,4,1938,Gable,CompShg,BrkTil,GasA,Y,FuseF,0,225,03,2008
2206,Crawfor,1Story,5,1951,Hip,CompShg,PConc,GasA,N,FuseA,1,344,05,2008
2207,Crawfor,2Story,6,1935,Gable,CompShg,PConc,GasA,Y,SBrkr,2,786,06,2008
2208,Crawfor,1.5Fin,9,1950,Gable,CompShg,CBlock,GasA,Y,SBrkr,2,506,04,2008
2209,Crawfor,1Story,5,1956,Gable,CompShg,PConc,GasA,Y,FuseA,2,484,04,2008
2210,Blueste,2Story,6,1980,Gable,CompShg,CBlock,GasA,Y,SBrkr,1,462,12,2008
2211,IDOTRR,1Story,8,1926,Gable,CompShg,BrkTil,GasA,Y,SBrkr,0,195,07,2008
2212,IDOTRR,1.5Fin,8,1940,Gable,CompShg,CBlock,GasA,Y,SBrkr,0,240,07,2008
2213,IDOTRR,1.5Fin,7,1930,Gable,CompShg,CBlock,GasA,Y,FuseA,0,0,07,2008
2214,IDOTRR,SLvl,5,1967,Hip,CompShg,CBlock,GasA,Y,SBrkr,1,288,07,2008
2215,IDOTRR,1Story,7,1930,Gable,CompShg,BrkTil,GasA,Y,FuseA,0,360,05,2008
2216,IDOTRR,1.5Fin,5,1958,Gable,CompShg,CBlock,GasA,Y,FuseA,0,356,01,2008
2217,IDOTRR,1Story,5,1952,Gable,CompShg,Slab,Wall,N,FuseA,0,487,02,2008
2218,IDOTRR,2Story,7,1895,Gable,CompShg,Stone,GasA,N,SBrkr,0,185,07,2008
2219,IDOTRR,1.5Fin,7,1910,Gable,CompShg,PConc,GasA,N,FuseA,0,195,05,2008
2220,IDOTRR,2Story,6,1920,Gable,CompShg,Stone,GasA,Y,SBrkr,0,216,06,2008
2221,Crawfor,1Story,5,2007,Hip,CompShg,PConc,GasA,Y,SBrkr,1,525,08,2008
2222,Crawfor,1Story,5,2004,Hip,CompShg,PConc,GasA,Y,SBrkr,1,482,07,2008
2223,Mitchel,1Story,5,1996,Gable,CompShg,PConc,GasA,Y,SBrkr,0,786,9,2008
2224,Mitchel,2Story,5,1996,Gable,CompShg,PConc,GasA,Y,SBrkr,1,816,9,2008
2225,Mitchel,2Story,4,1976,Gable,CompShg,CBlock,GasA,Y,SBrkr,0,484,11,2008
2226,Mitchel,1Story,5,1991,Gable,CompShg,PConc,GasA,Y,SBrkr,1,432,07,2008
2227,Timber,1Story,6,1986,Gable,CompShg,CBlock,GasA,Y,SBrkr,1,512,07,2008
2228,Timber,1Story,5,2006,Hip,CompShg,PConc,GasA,Y,SBrkr,0,788,04,2008
2229,Timber,2Story,5,2007,Gable,CompShg,PConc,GasA,Y,SBrkr,1,612,01,2008
2230,Timber,SLvl,5,2006,Gable,CompShg,PConc,GasA,Y,SBrkr,0,400,04,2008
2231,Timber,2Story,5,2008,Gable,CompShg,PConc,GasA,Y,SBrkr,0,666,10,2008
2232,Timber,1Story,5,1989,Gable,CompShg,CBlock,GasA,Y,SBrkr,1,438,07,2008
2233,Timber,1Story,5,1986,Gable,CompShg,CBlock,GasA,Y,SBrkr,1,578,03,2008
2234,Timber,1Story,5,2003,Hip,CompShg,PConc,GasA,Y,SBrkr,1,467,06,2008
2235,Timber,1Story,5,1999,Hip,CompShg,PConc,GasA,Y,SBrkr,0,435,12,2008
2236,Timber,1Story,5,2007,Gable,CompShg,PConc,GasA,Y,SBrkr,1,520,01,2008
2237,Timber,1Story,5,2005,Gable,CompShg,PConc,GasA,Y,SBrkr,1,892,06,2008
2238,Mitchel,SFoyer,5,1997,Gable,CompShg,PConc,GasA,Y,SBrkr,0,784,11,2008
2239,Mitchel,1Story,5,2007,Gable,CompShg,PConc,GasA,Y,SBrkr,0,0,02,2008
2240,Mitchel,1Story,5,1997,Hip,CompShg,PConc,GasA,Y,SBrkr,0,392,04,2008
2241,Mitchel,SFoyer,5,1964,Gable,CompShg,CBlock,GasA,Y,SBrkr,0,850,11,2008
2242,MeadowV,1Story,6,1975,Gable,CompShg,PConc,GasA,Y,SBrkr,0,499,06,2008
2243,MeadowV,2Story,7,1976,Gable,CompShg,PConc,GasA,Y,SBrkr,1,336,05,2008
2244,MeadowV,SFoyer,7,1973,Gable,CompShg,CBlock,GasA,Y,SBrkr,0,297,06,2008
2245,MeadowV,SLvl,6,1973,Gable,CompShg,CBlock,GasA,Y,SBrkr,1,297,07,2008
2246,Mitchel,1Story,6,1968,Gable,CompShg,CBlock,GasA,Y,SBrkr,0,257,02,2008
2247,MeadowV,2Story,9,1970,Gable,CompShg,CBlock,GasA,Y,SBrkr,0,0,03,2008
2248,Mitchel,1Story,7,1983,Gable,CompShg,CBlock,GasA,Y,SBrkr,0,264,04,2008
2249,Mitchel,1Story,6,1982,Gable,CompShg,CBlock,GasA,Y,SBrkr,0,264,07,2008
2250,Mitchel,1Story,6,1984,Gable,CompShg,CBlock,GasA,Y,SBrkr,0,484,04,2008
2251,IDOTRR,2.5Unf,1,1900,Hip,CompShg,BrkTil,GasA,Y,SBrkr,0,288,01,2008
2252,NAmes,1Story,6,1971,Gable,CompShg,CBlock,GasA,Y,SBrkr,1,525,03,2007
2253,Gilbert,SLvl,5,1997,Gable,CompShg,PConc,GasA,Y,SBrkr,1,390,03,2007
2254,Gilbert,SLvl,5,1994,Gable,CompShg,PConc,GasA,Y,SBrkr,1,398,03,2007
2255,Gilbert,2Story,5,1999,Gable,CompShg,PConc,GasA,Y,SBrkr,1,451,04,2007
2256,Gilbert,2Story,5,1996,Gable,CompShg,PConc,GasA,Y,SBrkr,0,420,08,2007
2257,Gilbert,2Story,5,1999,Gable,CompShg,PConc,GasA,Y,SBrkr,1,482,08,2007
2258,Gilbert,1Story,5,1992,Gable,CompShg,PConc,GasA,Y,SBrkr,0,420,08,2007
2259,Gilbert,2Story,5,1993,Gable,CompShg,PConc,GasA,Y,SBrkr,1,392,07,2007
2260,Gilbert,1Story,6,1964,Gable,CompShg,CBlock,GasA,Y,SBrkr,1,480,03,2007
2261,StoneBr,1Story,5,1988,Gable,CompShg,CBlock,GasA,Y,SBrkr,0,480,10,2007
2262,StoneBr,1Story,5,1990,Gable,CompShg,PConc,GasA,Y,SBrkr,1,484,08,2007
2263,StoneBr,2Story,5,2005,Hip,CompShg,PConc,GasA,Y,SBrkr,1,729,07,2007
2264,StoneBr,1Story,5,2006,Hip,CompShg,PConc,GasA,Y,SBrkr,2,1110,06,2007
2265,Gilbert,1Story,5,1969,Gable,CompShg,CBlock,GasW,Y,SBrkr,0,828,11,2007
2266,StoneBr,1Story,5,2006,Gable,CompShg,PConc,GasA,Y,SBrkr,1,556,03,2007
2267,StoneBr,1Story,5,2006,Hip,CompShg,PConc,GasA,Y,SBrkr,1,724,01,2007
2268,StoneBr,1Story,5,2006,Hip,CompShg,PConc,GasA,Y,SBrkr,1,724,10,2007
2269,NWAmes,1Story,5,1984,Hip,CompShg,CBlock,GasA,Y,SBrkr,0,480,04,2007
2270,NWAmes,2Story,7,1981,Gable,CompShg,CBlock,GasA,Y,SBrkr,1,484,03,2007
2271,NWAmes,1Story,6,1978,Gable,CompShg,CBlock,GasA,Y,SBrkr,1,663,9,2007
2272,NWAmes,2Story,5,1979,Hip,WdShake,CBlock,GasA,Y,SBrkr,1,481,03,2007
2273,NWAmes,1Story,6,1984,Gable,CompShg,CBlock,GasA,Y,SBrkr,0,495,08,2007
2274,NWAmes,1Story,5,1979,Gable,CompShg,CBlock,GasA,Y,SBrkr,1,478,08,2007
2275,NWAmes,1Story,5,1971,Hip,CompShg,CBlock,GasA,Y,SBrkr,1,944,9,2007
2276,NWAmes,SLvl,6,1976,Gable,CompShg,CBlock,GasA,Y,SBrkr,1,585,02,2007
2277,NWAmes,2Story,6,1974,Gable,CompShg,CBlock,GasA,Y,SBrkr,1,488,11,2007
2278,NAmes,1Story,6,1970,Gable,CompShg,CBlock,GasA,Y,SBrkr,0,576,9,2007
2279,NAmes,1Story,5,1970,Gable,CompShg,CBlock,GasA,Y,SBrkr,0,368,10,2007
2280,NAmes,1Story,7,1961,Gable,CompShg,BrkTil,GasA,Y,SBrkr,0,270,07,2007
2281,NAmes,1Story,5,2001,Gable,CompShg,PConc,GasA,Y,SBrkr,1,511,07,2007
2282,NAmes,1Story,5,1997,Gable,CompShg,PConc,GasA,Y,SBrkr,1,522,10,2007
2283,BrDale,2Story,6,1973,Gable,CompShg,CBlock,GasA,Y,SBrkr,0,264,02,2007
2284,BrDale,2Story,5,1973,Gable,CompShg,CBlock,GasA,Y,SBrkr,0,264,12,2007
2285,NPkVill,1Story,7,1978,Gable,CompShg,CBlock,GasA,Y,SBrkr,0,319,04,2007
2286,NAmes,1Story,6,1966,Hip,CompShg,CBlock,GasA,Y,SBrkr,0,360,11,2007
2287,NridgHt,1Story,5,2006,Hip,CompShg,PConc,GasA,Y,SBrkr,1,730,08,2007
2288,NridgHt,1Story,5,2006,Gable,CompShg,PConc,GasA,Y,SBrkr,1,856,06,2007
2289,NridgHt,1Story,5,2007,Gable,CompShg,PConc,GasA,Y,SBrkr,1,938,11,2007
2290,NridgHt,2Story,5,2007,Hip,CompShg,PConc,GasA,Y,SBrkr,1,1040,12,2007
2291,NridgHt,2Story,5,2006,Hip,CompShg,PConc,GasA,Y,SBrkr,1,670,03,2007
2292,NridgHt,1Story,5,2005,Hip,CompShg,PConc,GasA,Y,SBrkr,2,878,08,2007
2293,NridgHt,1Story,5,2007,Hip,CompShg,PConc,GasA,Y,SBrkr,2,932,10,2007
2294,NridgHt,2Story,5,2005,Gable,CompShg,PConc,GasA,Y,SBrkr,1,814,05,2007
2295,NridgHt,1Story,5,2007,Hip,CompShg,PConc,GasA,Y,SBrkr,1,1174,08,2007
2296,NridgHt,2Story,5,2007,Gable,CompShg,PConc,GasA,Y,SBrkr,1,728,06,2007
2297,NridgHt,2Story,5,2007,Gable,CompShg,PConc,GasA,Y,SBrkr,2,786,9,2007
2298,NridgHt,1Story,5,2006,Hip,CompShg,PConc,GasA,Y,SBrkr,1,843,06,2007
2299,NridgHt,2Story,5,2004,Gable,CompShg,PConc,GasA,Y,SBrkr,1,916,08,2007
2300,NridgHt,2Story,5,2003,Gable,CompShg,PConc,GasA,Y,SBrkr,1,818,01,2007
2301,NridgHt,2Story,5,2007,Hip,CompShg,PConc,GasA,Y,SBrkr,1,774,08,2007
2302,NridgHt,1Story,5,2005,Gable,CompShg,PConc,GasA,Y,SBrkr,0,878,05,2007
2303,NridgHt,1Story,5,2005,Gable,CompShg,PConc,GasA,Y,SBrkr,0,554,01,2007
2304,NridgHt,2Story,5,2006,Gable,CompShg,PConc,GasA,Y,SBrkr,0,876,02,2007
2305,NridgHt,1Story,5,2005,Gable,CompShg,PConc,GasA,Y,SBrkr,1,631,08,2007
2306,NridgHt,1Story,5,2005,Gable,CompShg,PConc,GasA,Y,SBrkr,1,631,05,2007
2307,NridgHt,1Story,5,2005,Gable,CompShg,PConc,GasA,Y,SBrkr,1,460,06,2007
2308,NridgHt,1Story,5,2006,Gable,CompShg,PConc,GasA,Y,SBrkr,1,627,05,2007
2309,NridgHt,1Story,5,2005,Hip,CompShg,PConc,GasA,Y,SBrkr,1,564,05,2007
2310,NridgHt,1Story,5,2006,Hip,CompShg,PConc,GasA,Y,SBrkr,1,550,9,2007
2311,NridgHt,1Story,5,2003,Gable,CompShg,PConc,GasA,Y,SBrkr,1,478,03,2007
2312,Gilbert,2Story,5,2007,Gable,CompShg,CBlock,GasA,Y,SBrkr,0,572,05,2007
2313,Gilbert,2Story,5,2005,Gable,CompShg,PConc,GasA,Y,SBrkr,1,400,06,2007
2314,Gilbert,2Story,5,2006,Gable,CompShg,PConc,GasA,Y,SBrkr,0,454,05,2007
2315,Gilbert,2Story,5,2006,Gable,CompShg,PConc,GasA,Y,SBrkr,1,440,03,2007
2316,Gilbert,2Story,5,2006,Gable,CompShg,PConc,GasA,Y,SBrkr,1,350,06,2007
2317,Gilbert,1Story,5,2005,Gable,CompShg,PConc,GasA,Y,SBrkr,0,388,06,2007
2318,Gilbert,2Story,5,2007,Gable,CompShg,PConc,GasA,Y,SBrkr,0,440,12,2007
2319,Gilbert,2Story,5,2007,Gable,CompShg,PConc,GasA,Y,SBrkr,0,400,07,2007
2320,Gilbert,1Story,6,2007,Gable,CompShg,PConc,GasA,Y,SBrkr,0,462,08,2007
2321,Blmngtn,1Story,5,2003,Hip,CompShg,PConc,GasA,Y,SBrkr,1,630,11,2007
2322,Blmngtn,1Story,5,2007,Gable,CompShg,PConc,GasA,Y,SBrkr,1,388,08,2007
2323,Gilbert,SLvl,5,2004,Gable,CompShg,PConc,GasA,Y,SBrkr,0,437,04,2007
2324,Gilbert,SLvl,5,2004,Gable,CompShg,PConc,GasA,Y,SBrkr,1,400,06,2007
2325,Gilbert,1Story,5,2006,Gable,CompShg,PConc,GasA,Y,SBrkr,1,534,04,2007
2326,Gilbert,SLvl,5,2003,Gable,CompShg,PConc,GasA,Y,SBrkr,1,400,10,2007
2327,Gilbert,2Story,5,2003,Gable,CompShg,PConc,GasA,Y,SBrkr,1,434,07,2007
2328,Gilbert,2Story,5,2002,Gable,CompShg,PConc,GasA,Y,SBrkr,1,435,07,2007
2329,Gilbert,2Story,5,2000,Gable,CompShg,PConc,GasA,Y,SBrkr,1,442,06,2007
2330,Gilbert,2Story,5,1999,Gable,CompShg,PConc,GasA,Y,SBrkr,1,460,05,2007
2331,NoRidge,2Story,5,1997,Hip,CompShg,PConc,GasA,Y,SBrkr,2,925,06,2007
2332,NoRidge,2Story,5,1998,Gable,CompShg,PConc,GasA,Y,SBrkr,1,806,07,2007
2333,NoRidge,2Story,5,1998,Gable,CompShg,PConc,GasA,Y,SBrkr,1,758,01,2007
2334,NoRidge,2Story,5,1998,Gable,CompShg,PConc,GasA,Y,SBrkr,1,600,05,2007
2335,NoRidge,2Story,5,1992,Gable,CompShg,PConc,GasA,Y,SBrkr,1,517,9,2007
2336,NoRidge,2Story,5,1996,Gable,CompShg,PConc,GasA,Y,SBrkr,1,933,05,2007
2337,Somerst,1Story,6,2007,Gable,CompShg,PConc,GasA,Y,SBrkr,0,605,9,2007
2338,Somerst,1Story,5,2007,Gable,CompShg,PConc,GasA,Y,SBrkr,1,852,07,2007
2339,Somerst,1Story,5,2006,Gable,CompShg,PConc,GasA,Y,SBrkr,1,484,01,2007
2340,Somerst,1Story,5,2007,Hip,CompShg,PConc,GasA,Y,SBrkr,1,1092,10,2007
2341,Somerst,1Story,5,2007,Gable,CompShg,PConc,GasA,Y,SBrkr,1,480,9,2007
2342,Somerst,1Story,5,2005,Gable,CompShg,PConc,GasA,Y,SBrkr,0,484,12,2007
2343,Somerst,1Story,5,2005,Gable,CompShg,PConc,GasA,Y,SBrkr,1,672,04,2007
2344,Somerst,2Story,5,2006,Gable,CompShg,PConc,GasA,Y,SBrkr,0,574,07,2007
2345,Somerst,2Story,5,2006,Gable,CompShg,PConc,GasA,Y,SBrkr,0,859,03,2007
2346,Somerst,1Story,5,2007,Gable,CompShg,PConc,GasA,Y,SBrkr,0,598,11,2007
2347,Somerst,1Story,5,2006,Gable,CompShg,PConc,GasA,Y,SBrkr,0,575,06,2007
2348,Somerst,2Story,5,2007,Gable,CompShg,PConc,GasA,Y,SBrkr,0,590,11,2007
2349,Somerst,2Story,5,2007,Gable,CompShg,CBlock,GasA,Y,SBrkr,0,561,07,2007
2350,Somerst,2Story,5,2007,Hip,CompShg,PConc,GasA,Y,SBrkr,1,880,12,2007
2351,Somerst,1Story,5,2007,Gable,CompShg,PConc,GasA,Y,SBrkr,1,594,05,2007
2352,Somerst,1Story,5,2006,Gable,CompShg,PConc,GasA,Y,SBrkr,1,658,04,2007
2353,Somerst,2Story,5,2004,Gable,CompShg,PConc,GasA,Y,SBrkr,1,744,06,2007
2354,SawyerW,1Story,5,2006,Gable,CompShg,PConc,GasA,Y,SBrkr,0,0,06,2007
2355,SawyerW,1Story,5,2006,Gable,CompShg,PConc,GasA,Y,SBrkr,0,0,10,2007
2356,SawyerW,1Story,5,2003,Gable,CompShg,PConc,GasA,Y,SBrkr,0,576,05,2007
2357,SawyerW,1Story,5,2006,Gable,CompShg,PConc,GasA,Y,SBrkr,0,566,06,2007
2358,SawyerW,2Story,5,1993,Gable,CompShg,PConc,GasA,Y,SBrkr,0,492,05,2007
2359,SawyerW,2Story,5,1980,Gable,CompShg,CBlock,GasA,Y,SBrkr,2,283,07,2007
2360,Sawyer,1Story,5,1977,Gable,CompShg,CBlock,GasA,Y,SBrkr,0,308,03,2007
2361,Sawyer,1Story,7,1968,Gable,CompShg,CBlock,GasA,Y,SBrkr,0,686,06,2007
2362,Veenker,2Story,5,1990,Gable,CompShg,PConc,GasA,Y,SBrkr,1,564,02,2007
2363,Sawyer,1Story,5,1974,Gable,CompShg,CBlock,GasA,Y,SBrkr,0,431,08,2007
2364,Sawyer,1Story,7,1973,Gable,CompShg,CBlock,GasA,Y,SBrkr,1,542,01,2007
2365,Somerst,1Story,5,2004,Gable,CompShg,PConc,GasA,Y,SBrkr,1,540,07,2007
2366,Somerst,1Story,5,2006,Gable,CompShg,PConc,GasA,Y,SBrkr,0,484,02,2007
2367,Somerst,1Story,5,2006,Gable,CompShg,PConc,GasA,Y,SBrkr,0,476,02,2007
2368,Somerst,1Story,5,2006,Gable,CompShg,PConc,GasA,Y,SBrkr,1,466,08,2007
2369,Somerst,1Story,5,2006,Gable,CompShg,PConc,GasA,Y,SBrkr,0,528,07,2007
2370,Somerst,2Story,5,1999,Gable,CompShg,PConc,GasA,Y,SBrkr,1,440,9,2007
2371,Somerst,2Story,5,2000,Gable,CompShg,PConc,GasA,Y,SBrkr,0,440,9,2007
2372,Somerst,1Story,5,1999,Gable,CompShg,PConc,GasA,Y,SBrkr,0,625,12,2007
2373,Somerst,2Story,5,2003,Hip,CompShg,PConc,GasA,Y,SBrkr,2,552,08,2007
2374,Somerst,2Story,5,1998,Gable,CompShg,PConc,GasA,Y,SBrkr,2,1105,06,2007
2375,Veenker,1Story,5,1994,Gable,CompShg,PConc,GasA,Y,SBrkr,1,478,05,2007
2376,Veenker,1Story,6,1980,Hip,CompShg,CBlock,GasA,Y,SBrkr,1,546,03,2007
2377,Veenker,1Story,5,1981,Hip,CompShg,CBlock,GasA,Y,SBrkr,2,676,03,2007
2378,NWAmes,1Story,6,1968,Gable,CompShg,CBlock,GasA,Y,SBrkr,0,412,9,2007
2379,NWAmes,2Story,6,1970,Gable,CompShg,CBlock,GasA,Y,SBrkr,1,570,06,2007
2380,NWAmes,SFoyer,6,1969,Gable,CompShg,PConc,GasA,Y,SBrkr,0,480,01,2007
2381,NWAmes,1Story,5,1968,Gable,CompShg,PConc,GasA,Y,SBrkr,0,528,04,2007
2382,NWAmes,1Story,7,1972,Hip,CompShg,CBlock,GasA,Y,SBrkr,1,515,05,2007
2383,NWAmes,1Story,6,1993,Gable,CompShg,PConc,GasA,Y,SBrkr,1,472,07,2007
2384,NWAmes,2Story,6,1993,Gable,CompShg,PConc,GasA,Y,SBrkr,1,473,08,2007
2385,NWAmes,1Story,7,1966,Hip,CompShg,CBlock,GasA,Y,SBrkr,1,484,11,2007
2386,NWAmes,1Story,5,1963,Gable,CompShg,CBlock,GasA,Y,SBrkr,0,311,02,2007
2387,NAmes,1Story,6,1967,Gable,CompShg,CBlock,GasA,Y,SBrkr,0,308,03,2007
2388,NAmes,1Story,5,1964,Gable,CompShg,Slab,GasA,N,SBrkr,0,530,04,2007
2389,NAmes,1Story,5,1956,Hip,CompShg,CBlock,GasA,Y,SBrkr,1,396,01,2007
2390,NAmes,1Story,5,1961,Hip,CompShg,CBlock,GasA,Y,SBrkr,1,440,08,2007
2391,NAmes,1Story,7,1961,Gable,CompShg,CBlock,GasA,Y,SBrkr,1,784,02,2007
2392,NAmes,1Story,7,1960,Hip,CompShg,CBlock,GasA,Y,SBrkr,0,312,01,2007
2393,NAmes,1Story,6,1966,Hip,CompShg,CBlock,GasA,Y,SBrkr,1,440,10,2007
2394,NAmes,SLvl,5,1965,Gable,CompShg,CBlock,GasA,Y,SBrkr,0,440,05,2007
2395,NAmes,2Story,7,1964,Gable,CompShg,CBlock,GasA,Y,SBrkr,1,539,07,2007
2396,NAmes,1Story,5,1964,Gable,CompShg,CBlock,GasA,Y,SBrkr,1,286,08,2007
2397,NAmes,1Story,7,1959,Gable,CompShg,CBlock,GasA,Y,SBrkr,1,510,07,2007
2398,NAmes,1.5Unf,7,1940,Gable,CompShg,PConc,GasA,Y,SBrkr,0,512,10,2007
2399,BrkSide,1Story,3,1946,Gable,CompShg,CBlock,GasA,N,SBrkr,0,0,04,2007
2400,BrkSide,1.5Fin,5,1945,Gable,CompShg,CBlock,GasA,N,FuseA,0,0,07,2007
2401,BrkSide,1Story,8,1958,Gable,CompShg,CBlock,GasA,Y,SBrkr,0,308,07,2007
2402,NAmes,1Story,6,1955,Hip,CompShg,CBlock,GasA,Y,SBrkr,0,288,10,2007
2403,NAmes,1Story,5,1968,Gable,CompShg,CBlock,GasA,Y,SBrkr,0,792,05,2007
2404,NAmes,SFoyer,6,1966,Gable,CompShg,CBlock,GasA,Y,SBrkr,1,432,06,2007
2405,NAmes,SLvl,5,1961,Hip,CompShg,CBlock,GasA,Y,SBrkr,1,525,05,2007
2406,NAmes,1Story,7,1957,Gable,CompShg,CBlock,GasA,Y,SBrkr,0,315,9,2007
2407,NAmes,1Story,6,1956,Gable,CompShg,CBlock,GasA,Y,SBrkr,0,308,12,2007
2408,NAmes,1Story,7,1963,Gable,CompShg,CBlock,GasA,Y,SBrkr,0,692,07,2007
2409,NAmes,1Story,5,1960,Hip,CompShg,CBlock,GasA,Y,SBrkr,1,336,06,2007
2410,NAmes,1Story,6,1957,Gable,CompShg,CBlock,GasA,Y,SBrkr,3,464,04,2007
2411,NAmes,1Story,5,1957,Gable,CompShg,CBlock,GasA,Y,FuseA,0,308,04,2007
2412,NAmes,1Story,6,1955,Gable,CompShg,CBlock,GasA,Y,SBrkr,1,310,06,2007
2413,NAmes,1Story,5,1955,Hip,CompShg,CBlock,GasA,Y,SBrkr,0,336,08,2007
2414,NAmes,1Story,9,1953,Gable,CompShg,CBlock,GasA,Y,SBrkr,0,336,07,2007
2415,NAmes,1Story,5,1958,Hip,CompShg,CBlock,GasA,Y,SBrkr,0,484,12,2007
2416,NAmes,1Story,6,1952,Hip,CompShg,CBlock,GasA,Y,SBrkr,0,410,04,2007
2417,NAmes,1Story,7,1953,Hip,CompShg,CBlock,GasA,Y,FuseF,0,293,06,2007
2418,NAmes,1Story,8,1956,Gable,CompShg,CBlock,GasA,Y,SBrkr,0,252,06,2007
2419,NAmes,1.5Fin,4,1955,Gable,CompShg,PConc,GasA,Y,SBrkr,0,352,08,2007
2420,NAmes,1Story,5,1955,Gable,CompShg,CBlock,GasA,Y,SBrkr,2,390,03,2007
2421,NAmes,1Story,6,1953,Gable,CompShg,CBlock,GasA,Y,SBrkr,1,280,02,2007
2422,OldTown,1Story,5,1952,Gable,CompShg,CBlock,GasA,Y,SBrkr,0,420,06,2007
2423,OldTown,1.5Fin,7,1890,Gable,CompShg,CBlock,GasA,Y,SBrkr,0,0,04,2007
2424,NAmes,1.5Fin,6,1953,Gable,CompShg,CBlock,GasA,Y,SBrkr,1,371,06,2007
2425,NAmes,2Story,4,1935,Gable,CompShg,BrkTil,GasA,Y,SBrkr,0,1200,11,2007
2426,OldTown,1.5Fin,7,1925,Gable,CompShg,CBlock,GasA,Y,SBrkr,0,580,08,2007
2427,OldTown,2Story,9,1895,Gable,CompShg,CBlock,GasA,Y,SBrkr,0,0,07,2007
2428,NAmes,SLvl,5,1963,Gable,CompShg,CBlock,GasA,Y,SBrkr,2,276,10,2007
2429,NAmes,1Story,7,1961,Gable,CompShg,CBlock,GasA,Y,SBrkr,0,240,02,2007
2430,NAmes,1Story,6,1968,Gable,CompShg,CBlock,GasA,Y,SBrkr,0,288,08,2007
2431,NAmes,1Story,3,1950,Gable,CompShg,CBlock,GasA,Y,FuseA,1,357,11,2007
2432,NAmes,1Story,7,1959,Hip,CompShg,CBlock,GasA,Y,SBrkr,0,286,07,2007
2433,NAmes,1Story,6,1958,Hip,CompShg,CBlock,GasA,Y,SBrkr,1,338,03,2007
2434,NAmes,1Story,5,1960,Hip,CompShg,CBlock,GasA,Y,FuseA,0,324,05,2007
2435,NAmes,1Story,5,1960,Hip,CompShg,CBlock,GasA,Y,SBrkr,2,351,11,2007
2436,NAmes,1Story,6,1961,Gable,CompShg,Slab,GasA,Y,SBrkr,0,300,07,2007
2437,NAmes,1Story,5,1962,Hip,CompShg,CBlock,GasA,Y,SBrkr,0,294,12,2007
2438,NAmes,SFoyer,5,1962,Gable,CompShg,CBlock,GasA,Y,SBrkr,1,288,10,2007
2439,OldTown,1Story,7,1926,Gable,CompShg,BrkTil,GasA,Y,SBrkr,0,576,04,2007
2440,OldTown,1.5Fin,6,1927,Gable,CompShg,BrkTil,GasA,Y,SBrkr,0,576,07,2007
2441,OldTown,1Story,5,1922,Gable,CompShg,PConc,GasA,N,FuseF,1,184,02,2007
2442,OldTown,1Story,6,1920,Gable,CompShg,BrkTil,GasA,Y,SBrkr,1,180,07,2007
2443,OldTown,1Story,8,1940,Gable,CompShg,CBlock,GasA,Y,SBrkr,2,379,05,2007
2444,OldTown,1.5Fin,8,1900,Gable,CompShg,BrkTil,GasA,Y,SBrkr,1,576,06,2007
2445,OldTown,1.5Fin,6,1900,Gable,CompShg,BrkTil,GasA,N,SBrkr,0,252,05,2007
2446,OldTown,2Story,8,1900,Gable,CompShg,PConc,GasA,Y,SBrkr,0,342,05,2007
2447,OldTown,2Story,9,1910,Hip,CompShg,BrkTil,GasA,N,SBrkr,0,816,05,2007
2448,OldTown,2Story,6,1927,Gambrel,CompShg,BrkTil,GasA,Y,SBrkr,1,374,03,2007
2449,OldTown,2Story,7,1910,Gable,CompShg,BrkTil,GasA,Y,SBrkr,0,480,06,2007
2450,OldTown,1.5Fin,8,1910,Gable,CompShg,CBlock,GasA,Y,SBrkr,0,468,11,2007
2451,OldTown,2Story,7,1930,Gambrel,CompShg,BrkTil,GasA,Y,SBrkr,1,336,07,2007
2452,OldTown,2.5Unf,8,1879,Gable,CompShg,PConc,GasA,Y,FuseA,1,576,02,2007
2453,OldTown,1Story,6,1956,Gable,CompShg,CBlock,GasA,Y,SBrkr,0,331,05,2007
2454,OldTown,SLvl,7,1949,Gable,CompShg,Slab,GasA,Y,SBrkr,1,384,05,2007
2455,BrkSide,1Story,7,1925,Gable,CompShg,PConc,GasA,N,FuseA,1,308,08,2007
2456,BrkSide,1.5Fin,6,1950,Gable,CompShg,CBlock,GasA,Y,SBrkr,0,308,03,2007
2457,BrkSide,1.5Fin,7,1939,Gable,CompShg,CBlock,GasA,Y,SBrkr,0,224,03,2007
2458,BrkSide,2Story,6,1939,Gable,CompShg,CBlock,GasA,Y,SBrkr,2,217,02,2007
2459,BrkSide,1.5Unf,7,1939,Gable,CompShg,BrkTil,GasA,Y,SBrkr,0,240,07,2007
2460,BrkSide,1.5Fin,5,1938,Gable,CompShg,BrkTil,GasA,Y,SBrkr,1,528,03,2007
